#ifndef _GNG_AUDIOCPU_H_
#define _GNG_AUDIOCPU_H_

// Generated by conv_gng-all.py from the MAME `gng` (parent) ROM set. Do not edit.
// Z80 audio CPU ROM gg2.bin (0x0000-0x7fff). 0xc000-0xc7ff RAM, 0xe000/0xe002 = YM2203 #1/#2.

const unsigned char gng_audiocpu[32768] = {
  0xED,0x56,0x31,0x00,0xC8,0xC3,0xE5,0x00,0xFF,0xFF,0xFF,0xFF,0xFF,0xFF,0xFF,0xFF,
  0xFF,0xFF,0xFF,0xFF,0xFF,0xFF,0xFF,0xFF,0x85,0x6F,0x30,0x01,0x24,0xC9,0xFF,0xFF,
  0x85,0x6F,0x30,0x01,0x24,0x7E,0xC9,0xFF,0x87,0xDF,0x5E,0x23,0x56,0x23,0xC9,0xFF,
  0xE1,0xEF,0xEB,0xE9,0xFF,0xFF,0xFF,0xFF,0xF3,0xC3,0xD4,0x00,0x20,0x20,0x54,0x48,
  0x49,0x53,0x20,0x50,0x52,0x4F,0x47,0x52,0x41,0x4D,0x45,0x20,0x49,0x53,0x20,0x50,
  0x52,0x4F,0x47,0x52,0x41,0x4D,0x45,0x44,0x20,0x42,0x59,0x20,0x54,0x4F,0x53,0x48,
  0x49,0x4F,0x20,0x41,0x52,0x49,0x4D,0x41,0x20,0x2C,0x20,0x49,0x46,0x20,0x59,0x4F,
  0x55,0x20,0x4E,0x45,0x45,0x44,0x20,0x53,0x41,0x4D,0x45,0x20,0x49,0x4E,0x46,0x4F,
  0x52,0x4D,0x45,0x54,0x49,0x4F,0x4E,0x20,0x54,0x48,0x45,0x4E,0x20,0x46,0x4F,0x4E,
  0x45,0x20,0x30,0x37,0x32,0x36,0x2D,0x37,0x34,0x2D,0x30,0x39,0x34,0x33,0x20,0x2C,
  0x20,0x4F,0x52,0x20,0x20,0x32,0x2D,0x31,0x34,0x2C,0x59,0x41,0x57,0x41,0x54,0x41,
  0x4D,0x41,0x43,0x48,0x49,0x2C,0x54,0x41,0x4B,0x41,0x54,0x53,0x55,0x4B,0x49,0x2C,
  0x20,0x35,0x36,0x39,0x20,0x4F,0x53,0x41,0x4B,0x41,0x20,0x4A,0x41,0x50,0x41,0x4E,
  0x20,0x01,0x3F,0x00,0x21,0x00,0xC0,0x34,0xCD,0x0E,0x01,0xCD,0x1A,0x03,0xCD,0x20,
  0x06,0xCD,0x68,0x0A,0xC9,0xF3,0x01,0x00,0x00,0x10,0xFE,0xF3,0x0D,0x20,0xFA,0x21,
  0x00,0xC0,0x11,0x01,0xC0,0x01,0xFF,0x07,0x36,0x00,0xED,0xB0,0x3E,0x2D,0x32,0x00,
  0xE0,0x32,0x02,0xE0,0x3C,0x32,0x00,0xE0,0x32,0x02,0xE0,0xFB,0x18,0xFD,0x3A,0x01,
  0xC0,0x4F,0x3A,0x00,0xC8,0xB9,0xC8,0x32,0x01,0xC0,0xFE,0xFF,0xC8,0xE6,0x3F,0xF7,
  0xA0,0x01,0x26,0x09,0x30,0x09,0x3A,0x09,0x44,0x09,0x4E,0x09,0x58,0x09,0x62,0x09,
  0x6C,0x09,0xA0,0x01,0xA0,0x01,0x76,0x09,0x80,0x09,0x8A,0x09,0x94,0x09,0x9E,0x09,
  0xA8,0x09,0xB2,0x09,0xBC,0x09,0xC6,0x09,0xD0,0x09,0xA0,0x01,0xA0,0x01,0xDA,0x09,
  0xF5,0x3C,0xE4,0x09,0xEE,0x09,0xF8,0x09,0x43,0x3C,0x87,0x32,0x02,0x0A,0x0C,0x0A,
  0x16,0x0A,0x20,0x0A,0x2A,0x0A,0x34,0x0A,0x3E,0x0A,0xD5,0x0F,0xEB,0x10,0xAD,0x14,
  0xC4,0x15,0x74,0x18,0x5E,0x1B,0x19,0x1E,0x43,0x21,0xBA,0x21,0xA1,0x24,0x11,0x27,
  0x38,0x28,0xCF,0x28,0x59,0x29,0x96,0x2C,0x24,0x2F,0x4F,0x33,0xB1,0x33,0x23,0x36,
  0x81,0x36,0x1C,0x38,0xB3,0x38,0x00,0x3A,0xC3,0x3A,0x15,0x3B,0x4F,0x3B,0x1B,0x3C,
  0x21,0x00,0xC5,0x11,0x20,0x00,0x06,0x05,0x36,0x00,0x19,0x10,0xFB,0x21,0x20,0xC6,
  0x11,0x20,0x00,0x06,0x05,0x36,0x00,0x19,0x10,0xFB,0xC9,0x21,0x00,0xC1,0x11,0x00,
  0x01,0x06,0x04,0x36,0x00,0x19,0x10,0xFB,0x3E,0x28,0x32,0x00,0xE0,0x32,0x02,0xE0,
  0x3E,0x00,0x3E,0x00,0x32,0x01,0xE0,0x32,0x03,0xE0,0x3E,0x01,0x3E,0x01,0x32,0x01,
  0xE0,0x32,0x03,0xE0,0x3E,0x02,0x3E,0x02,0x32,0x01,0xE0,0x32,0x03,0xE0,0xC9,0x00,
  0x00,0x03,0x67,0x03,0x9B,0x03,0xD2,0x04,0x0C,0x04,0x4A,0x04,0x8B,0x04,0xD1,0x05,
  0x1A,0x05,0x68,0x05,0xBA,0x06,0x11,0x06,0x6E,0x0B,0x67,0x0B,0x9B,0x0B,0xD2,0x0C,
  0x0C,0x0C,0x4A,0x0C,0x8B,0x0C,0xD1,0x0D,0x1A,0x0D,0x68,0x0D,0xBA,0x0E,0x11,0x0E,
  0x6E,0x13,0x67,0x13,0x9B,0x13,0xD2,0x14,0x0C,0x14,0x4A,0x14,0x8B,0x14,0xD1,0x15,
  0x1A,0x15,0x68,0x15,0xBA,0x16,0x11,0x16,0x6E,0x1B,0x67,0x1B,0x9B,0x1B,0xD2,0x1C,
  0x0C,0x1C,0x4A,0x1C,0x8B,0x1C,0xD1,0x1D,0x1A,0x1D,0x68,0x1D,0xBA,0x1E,0x11,0x1E,
  0x6E,0x23,0x67,0x23,0x9B,0x23,0xD2,0x24,0x0C,0x24,0x4A,0x24,0x8B,0x24,0xD1,0x25,
  0x1A,0x25,0x68,0x25,0xBA,0x26,0x11,0x26,0x6E,0x2B,0x67,0x2B,0x9B,0x2B,0xD2,0x2C,
  0x0C,0x2C,0x4A,0x2C,0x8B,0x2C,0xD1,0x2D,0x1A,0x2D,0x68,0x2D,0xBA,0x2E,0x11,0x2E,
  0x6E,0x33,0x67,0x33,0x9B,0x33,0xD2,0x34,0x0C,0x34,0x4A,0x34,0x8B,0x34,0xD1,0x35,
  0x1A,0x35,0x68,0x35,0xBA,0x36,0x11,0x36,0x6E,0x3B,0x67,0x3B,0x9B,0x3B,0xD2,0x3C,
  0x0C,0x3C,0x4A,0x3C,0x8B,0x3C,0xD1,0x3D,0x1A,0x3D,0x68,0x3D,0xBA,0x3E,0x11,0x3E,
  0x6E,0x21,0x00,0xC1,0xDD,0x21,0x00,0xC1,0x18,0x19,0x21,0x00,0xC2,0xDD,0x21,0x00,
  0xC2,0x18,0x10,0x21,0x00,0xC3,0xDD,0x21,0x00,0xC3,0x18,0x07,0x21,0x00,0xC4,0xDD,
  0x21,0x00,0xC4,0x11,0x20,0x00,0x06,0x06,0x36,0x00,0x19,0x10,0xFB,0xC9,0x7E,0x23,
  0x08,0x06,0x06,0xDD,0x35,0x00,0x3E,0x06,0x90,0xDD,0x77,0x09,0x7E,0x23,0xDD,0x77,
  0x0D,0x7E,0x23,0xDD,0x77,0x0C,0x7E,0x23,0xDD,0x77,0x11,0x7E,0x23,0xDD,0x77,0x08,
  0x08,0xDD,0x77,0x17,0x08,0xAF,0xDD,0x77,0x03,0xDD,0x77,0x04,0xDD,0x77,0x1E,0xDD,
  0x77,0x1F,0x11,0x20,0x00,0xDD,0x19,0x10,0xCA,0xC9,0xDD,0x21,0x00,0xC4,0xDD,0x7E,
  0x00,0xA7,0xC2,0x44,0x03,0xDD,0x21,0x00,0xC3,0xDD,0x7E,0x00,0xA7,0xC2,0x44,0x03,
  0xDD,0x21,0x00,0xC2,0xDD,0x7E,0x00,0xA7,0xC2,0x44,0x03,0xDD,0x21,0x00,0xC1,0xDD,
  0x7E,0x00,0xA7,0xC8,0xFD,0x21,0x10,0xC0,0x06,0x06,0xCD,0x65,0x03,0xC5,0xDD,0x7E,
  0x00,0xA7,0x28,0x03,0xCD,0xD9,0x03,0xC1,0x11,0x20,0x00,0xDD,0x19,0x11,0x01,0x00,
  0xFD,0x19,0x10,0xE6,0xC9,0xFD,0x7E,0x00,0xDD,0x4E,0x11,0xB9,0xC8,0x3E,0x06,0x90,
  0xDD,0x77,0x09,0xCD,0x7A,0x03,0xFD,0x71,0x00,0xC9,0xD9,0x21,0x00,0xE0,0xDD,0x7E,
  0x09,0xFE,0x03,0xDA,0x8B,0x03,0x21,0x02,0xE0,0xD6,0x03,0xE5,0x4F,0xDD,0x7E,0x11,
  0x6F,0x26,0x00,0x29,0x29,0x29,0x29,0x29,0x11,0xD5,0x0B,0x19,0x06,0x18,0xD1,0x3E,
  0x30,0x81,0x4F,0x79,0x12,0xC6,0x04,0x4F,0x1C,0x7E,0x7E,0x7E,0x23,0x12,0x1D,0xE5,
  0xE1,0xE5,0xE1,0xE5,0xE1,0xE5,0xE1,0x10,0xEA,0x79,0xC6,0x20,0x12,0x1C,0x7E,0x23,
  0x12,0xDD,0x7E,0x09,0xFE,0x03,0xD2,0xCF,0x03,0xE6,0x03,0x86,0xDD,0x77,0x05,0xD6,
  0x03,0xE6,0x03,0x86,0xDD,0x77,0x06,0xD9,0xC9,0xDD,0x7E,0x1F,0xE6,0x01,0x28,0x0A,
  0x3A,0x00,0xC0,0xE6,0x01,0x28,0x03,0xCD,0xEA,0x03,0xDD,0x66,0x03,0xDD,0x6E,0x04,
  0x7C,0xB5,0x28,0x50,0x2B,0x7C,0xB5,0x28,0x4B,0xDD,0x74,0x03,0xDD,0x75,0x04,0xDD,
  0x7E,0x1E,0xA7,0xC0,0xDD,0x66,0x0A,0xDD,0x6E,0x0B,0x7D,0xB4,0xC8,0x2B,0xDD,0x74,
  0x0A,0xDD,0x75,0x0B,0x7D,0xB4,0xC0,0xDD,0x7E,0x05,0xE6,0x03,0x47,0xDD,0x7E,0x09,
  0xFE,0x03,0x30,0x0D,0x3E,0x28,0x32,0x00,0xE0,0x78,0x00,0x00,0x00,0x32,0x01,0xE0,
  0xC9,0xDD,0x7E,0x06,0xE6,0x03,0x47,0x3E,0x28,0x32,0x02,0xE0,0x78,0x00,0x00,0x00,
  0x32,0x03,0xE0,0xC9,0xDD,0x36,0x1F,0x00,0xCD,0x0E,0x06,0x47,0xE6,0x1F,0x28,0x41,
  0xFE,0x1F,0xCA,0x94,0x05,0x4F,0x78,0xE6,0xE0,0x28,0x28,0x78,0xFE,0x40,0x38,0x11,
  0xDD,0x7E,0x1E,0xA7,0x28,0x03,0xDD,0x35,0x1E,0x79,0xCD,0xBD,0x04,0xCD,0x2C,0x05,
  0xC9,0xFE,0x30,0x28,0x08,0x3C,0xE6,0x1F,0xDD,0x77,0x1E,0x18,0xCB,0xDD,0x36,0x1F,
  0x01,0x18,0xC5,0xDD,0x70,0x11,0xCD,0x0E,0x06,0xDD,0x77,0x08,0xCD,0x7A,0x03,0x18,
  0xB7,0xCD,0xB1,0x04,0xCD,0x2C,0x05,0xC9,0xE1,0xCD,0x0E,0x06,0xE6,0x1F,0x28,0x0B,
  0xCD,0xBD,0x04,0xDD,0xCB,0x00,0xF6,0xCD,0x27,0x05,0xC9,0xCD,0xB1,0x04,0xCD,0x27,
  0x05,0xAF,0xDD,0x77,0x01,0xDD,0x77,0x02,0xDD,0x36,0x07,0x02,0xC9,0xDD,0x66,0x13,
  0xDD,0x6E,0x14,0xDD,0x7E,0x16,0xE6,0x1F,0xEF,0xDD,0x73,0x01,0xDD,0x72,0x02,0xDD,
  0xCB,0x00,0xFE,0xDD,0x36,0x07,0x01,0xDD,0x7E,0x09,0x47,0xFE,0x03,0x30,0x24,0x3E,
  0x28,0x32,0x00,0xE0,0xDD,0x7E,0x05,0x32,0x01,0xE0,0x3E,0xA4,0x80,0x32,0x00,0xE0,
  0xDD,0x7E,0x01,0x32,0x01,0xE0,0x3E,0xA0,0x80,0x32,0x00,0xE0,0xDD,0x7E,0x02,0x32,
  0x01,0xE0,0xC9,0x3E,0x28,0x32,0x02,0xE0,0xDD,0x7E,0x06,0x32,0x03,0xE0,0x3E,0xA1,
  0x80,0x32,0x02,0xE0,0xDD,0x7E,0x01,0x32,0x03,0xE0,0x3E,0x9D,0x80,0x32,0x02,0xE0,
  0xDD,0x7E,0x02,0x32,0x03,0xE0,0xC9,0x21,0x7F,0x05,0x18,0x03,0x21,0x77,0x05,0xDD,
  0x7E,0x16,0x07,0x07,0x07,0xE6,0x07,0x4F,0xE7,0x5F,0xDD,0x66,0x17,0xCD,0x87,0x05,
  0xDD,0x74,0x03,0xDD,0x75,0x04,0xDD,0x7E,0x08,0xE6,0x0F,0x20,0x01,0x3C,0x54,0x5D,
  0x47,0x3E,0x00,0x19,0xCE,0x00,0x10,0xFB,0xCB,0x3F,0xCB,0x1C,0xCB,0x1D,0xCB,0x3F,
  0xCB,0x1C,0xCB,0x1D,0xCB,0x3F,0xCB,0x1C,0xCB,0x1D,0xCB,0x3F,0xCB,0x1C,0xCB,0x1D,
  0xDD,0x74,0x0A,0xDD,0x75,0x0B,0xC9,0x00,0x00,0x02,0x04,0x08,0x10,0x20,0x40,0x00,
  0x00,0x03,0x06,0x0C,0x18,0x30,0x60,0x16,0x00,0x2E,0x00,0x06,0x08,0x29,0x30,0x01,
  0x19,0x10,0xFA,0xC9,0xCD,0x9B,0x05,0xC3,0x48,0x04,0xC9,0xDD,0x7E,0x16,0x07,0x07,
  0x07,0xE6,0x07,0xF7,0xB4,0x05,0xC3,0x05,0xCA,0x05,0xD1,0x05,0xDF,0x05,0xF0,0x05,
  0x98,0x04,0x08,0x06,0xCD,0x0E,0x06,0x21,0xEF,0x01,0x87,0xDF,0xDD,0x74,0x13,0xDD,
  0x75,0x14,0xC9,0xCD,0x0E,0x06,0xDD,0x77,0x17,0xC9,0xCD,0x0E,0x06,0xDD,0x77,0x15,
  0xC9,0xCD,0x0E,0x06,0x5F,0xCD,0x0E,0x06,0xDD,0x77,0x0C,0xDD,0x73,0x0D,0xC9,0xDD,
  0x66,0x0C,0xDD,0x6E,0x0D,0xDD,0x74,0x0E,0xDD,0x75,0x0F,0xDD,0x36,0x10,0x00,0xC9,
  0xCD,0x0E,0x06,0xDD,0x34,0x10,0xDD,0x46,0x10,0xB8,0xD8,0xDD,0x66,0x0E,0xDD,0x6E,
  0x0F,0xDD,0x74,0x0C,0xDD,0x75,0x0D,0xC9,0xE1,0xDD,0x36,0x00,0x00,0xC9,0xDD,0x66,
  0x0C,0xDD,0x6E,0x0D,0x7E,0xDD,0x77,0x16,0x23,0xDD,0x74,0x0C,0xDD,0x75,0x0D,0xC9,
  0xCD,0x27,0x06,0xCD,0x5F,0x06,0xC9,0xDD,0x21,0x80,0xC5,0xDD,0x7E,0x00,0xA7,0xC2,
  0x97,0x06,0xDD,0x21,0x60,0xC5,0xDD,0x7E,0x00,0xA7,0xC2,0x97,0x06,0xDD,0x21,0x40,
  0xC5,0xDD,0x7E,0x00,0xA7,0xC2,0x97,0x06,0xDD,0x21,0x20,0xC5,0xDD,0x7E,0x00,0xA7,
  0xC2,0x97,0x06,0xDD,0x21,0x00,0xC5,0xDD,0x7E,0x00,0xA7,0xC2,0x97,0x06,0xC9,0xDD,
  0x21,0x00,0xC7,0xDD,0x7E,0x00,0xA7,0xC2,0x97,0x06,0xDD,0x21,0x80,0xC7,0xDD,0x7E,
  0x00,0xA7,0xC2,0x97,0x06,0xDD,0x21,0x60,0xC6,0xDD,0x7E,0x00,0xA7,0xC2,0x97,0x06,
  0xDD,0x21,0x40,0xC6,0xDD,0x7E,0x00,0xA7,0xC2,0x97,0x06,0xDD,0x21,0x20,0xC6,0xDD,
  0x7E,0x00,0xA7,0xC2,0x97,0x06,0xC9,0xDD,0x66,0x13,0xDD,0x6E,0x14,0x7C,0xB5,0xCA,
  0x4D,0x07,0x2B,0xDD,0x74,0x13,0xDD,0x75,0x14,0xCD,0xAD,0x06,0xC9,0xDD,0x7E,0x0C,
  0xA7,0x28,0x15,0xDD,0x6E,0x01,0xDD,0x66,0x02,0x16,0x00,0xCB,0x7F,0x28,0x01,0x15,
  0x5F,0x19,0xDD,0x75,0x01,0xDD,0x74,0x02,0xDD,0x7E,0x0D,0xA7,0x28,0x15,0xDD,0x6E,
  0x03,0xDD,0x66,0x04,0x16,0x00,0xCB,0x7F,0x28,0x01,0x15,0x5F,0x19,0xDD,0x75,0x03,
  0xDD,0x74,0x04,0xDD,0x7E,0x0E,0xA7,0x28,0x15,0xDD,0x6E,0x05,0xDD,0x66,0x06,0x16,
  0x00,0xCB,0x7F,0x28,0x01,0x15,0x5F,0x19,0xDD,0x75,0x05,0xDD,0x74,0x06,0x3A,0x00,
  0xC0,0xE6,0x03,0xC0,0xDD,0x7E,0x0F,0xA7,0x28,0x07,0xDD,0x56,0x09,0x82,0xDD,0x77,
  0x09,0xDD,0x7E,0x10,0xA7,0x28,0x07,0xDD,0x56,0x0A,0x82,0xDD,0x77,0x0A,0xDD,0x7E,
  0x11,0xA7,0x28,0x07,0xDD,0x56,0x0B,0x82,0xDD,0x77,0x0B,0xDD,0x7E,0x12,0xA7,0xC8,
  0xDD,0x56,0x07,0x82,0xDD,0x77,0x07,0xC9,0xDD,0x66,0x13,0xDD,0x6E,0x14,0x2B,0xDD,
  0x74,0x13,0xDD,0x75,0x14,0xC9,0xE1,0xDD,0x7E,0x1A,0xC3,0x54,0x07,0x21,0x38,0x07,
  0xE5,0xCD,0x0D,0x09,0x47,0x0F,0x0F,0xE6,0x07,0xF7,0x6A,0x07,0x7C,0x07,0x8F,0x07,
  0xAB,0x07,0xBB,0x07,0xBB,0x07,0xBB,0x07,0xBB,0x07,0xDD,0x7E,0x1A,0xDD,0x77,0x13,
  0xCD,0x0D,0x09,0xDD,0x7E,0x1A,0xDD,0x77,0x14,0xC3,0xC1,0x07,0xDD,0x66,0x15,0xDD,
  0x6E,0x16,0xDD,0x74,0x17,0xDD,0x75,0x18,0xDD,0x36,0x19,0x00,0xC3,0x51,0x07,0xCD,
  0x0D,0x09,0xDD,0x34,0x19,0xDD,0x46,0x19,0xB8,0xCA,0x51,0x07,0xDD,0x66,0x17,0xDD,
  0x6E,0x18,0xDD,0x74,0x15,0xDD,0x75,0x16,0xC3,0x51,0x07,0xCD,0x0D,0x09,0x5F,0xCD,
  0x0D,0x09,0xDD,0x73,0x16,0xDD,0x77,0x15,0xC3,0x51,0x07,0xE1,0xDD,0x36,0x00,0x00,
  0xC9,0xDD,0x7E,0x1B,0xE6,0xE0,0xC8,0xCD,0xCD,0x07,0xC3,0xC1,0x07,0xCD,0x0D,0x09,
  0x47,0x07,0x07,0x07,0xE6,0x07,0xF7,0x46,0x07,0xE7,0x07,0x23,0x08,0x5F,0x08,0x9B,
  0x08,0xB4,0x08,0xCD,0x08,0xE6,0x08,0xDD,0x7E,0x1A,0xE6,0x0F,0x57,0xCD,0x0D,0x09,
  0x5F,0x62,0x6B,0x7C,0xB5,0x28,0x1E,0x01,0xFF,0x0F,0xA7,0xED,0x42,0x28,0x0F,0xDD,
  0xCB,0x08,0x86,0xEB,0x29,0x29,0x29,0x29,0xDD,0x74,0x02,0xDD,0x75,0x01,0xCD,0x0D,
  0x09,0xDD,0x77,0x0C,0xC9,0xDD,0x36,0x01,0x00,0xDD,0x36,0x02,0x00,0xDD,0xCB,0x08,
  0xC6,0x18,0xEB,0xDD,0x7E,0x1A,0xE6,0x0F,0x57,0xCD,0x0D,0x09,0x5F,0x62,0x6B,0x7C,
  0xB5,0x28,0x1E,0x01,0xFF,0x0F,0xA7,0xED,0x42,0x28,0x0F,0xDD,0xCB,0x08,0x8E,0xEB,
  0x29,0x29,0x29,0x29,0xDD,0x74,0x04,0xDD,0x75,0x03,0xCD,0x0D,0x09,0xDD,0x77,0x0D,
  0xC9,0xDD,0x36,0x03,0x00,0xDD,0x36,0x04,0x00,0xDD,0xCB,0x08,0xCE,0x18,0xEB,0xDD,
  0x7E,0x1A,0xE6,0x0F,0x57,0xCD,0x0D,0x09,0x5F,0x62,0x6B,0x7C,0xB5,0x28,0x1E,0x01,
  0xFF,0x0F,0xA7,0xED,0x42,0x28,0x0F,0xDD,0xCB,0x08,0x96,0xEB,0x29,0x29,0x29,0x29,
  0xDD,0x74,0x06,0xDD,0x75,0x05,0xCD,0x0D,0x09,0xDD,0x77,0x0E,0xC9,0xDD,0x36,0x05,
  0x00,0xDD,0x36,0x06,0x00,0xDD,0xCB,0x08,0xD6,0x18,0xEB,0xDD,0x7E,0x1A,0xE6,0x1F,
  0x57,0xD6,0x1F,0x28,0x08,0x7A,0x87,0x87,0x87,0x87,0xDD,0x77,0x09,0xCD,0x0D,0x09,
  0xDD,0x77,0x0F,0xC9,0xDD,0x7E,0x1A,0xE6,0x1F,0x57,0xD6,0x1F,0x28,0x08,0x7A,0x87,
  0x87,0x87,0x87,0xDD,0x77,0x0A,0xCD,0x0D,0x09,0xDD,0x77,0x10,0xC9,0xDD,0x7E,0x1A,
  0xE6,0x1F,0x57,0xD6,0x1F,0x28,0x08,0x7A,0x87,0x87,0x87,0x87,0xDD,0x77,0x0B,0xCD,
  0x0D,0x09,0xDD,0x77,0x11,0xC9,0xDD,0x7E,0x1A,0xE6,0x1F,0x57,0xD6,0x1F,0x28,0x07,
  0x7A,0x87,0x87,0x87,0xDD,0x77,0x07,0xCD,0x0D,0x09,0xE6,0x38,0x47,0xDD,0x7E,0x08,
  0xE6,0xC7,0x80,0xDD,0x77,0x08,0xCD,0x0D,0x09,0xDD,0x77,0x12,0xC9,0xDD,0x66,0x15,
  0xDD,0x6E,0x16,0x7E,0xDD,0x77,0x1A,0x23,0x7E,0xDD,0x77,0x1B,0xDD,0x74,0x15,0xDD,
  0x75,0x16,0xDD,0x7E,0x1A,0xC9,0xDD,0x21,0x60,0xC5,0x21,0x63,0x3D,0xC3,0x48,0x0A,
  0xDD,0x21,0x40,0xC5,0x21,0x30,0x3E,0xC3,0x48,0x0A,0xDD,0x21,0x60,0xC6,0x21,0x9A,
  0x3E,0xC3,0x48,0x0A,0xDD,0x21,0x00,0xC5,0x21,0xA1,0x40,0xC3,0x48,0x0A,0xDD,0x21,
  0x00,0xC5,0x21,0xF2,0x40,0xC3,0x48,0x0A,0xDD,0x21,0x20,0xC5,0x21,0x1B,0x41,0xC3,
  0x48,0x0A,0xDD,0x21,0x80,0xC7,0x21,0x6F,0x41,0xC3,0x48,0x0A,0xDD,0x21,0x60,0xC5,
  0x21,0x5E,0x42,0xC3,0x48,0x0A,0xDD,0x21,0x20,0xC6,0x21,0x5E,0x43,0xC3,0x48,0x0A,
  0xDD,0x21,0x20,0xC6,0x21,0x2E,0x44,0xC3,0x48,0x0A,0xDD,0x21,0x20,0xC6,0x21,0xDE,
  0x44,0xC3,0x48,0x0A,0xDD,0x21,0x40,0xC5,0x21,0x2A,0x45,0xC3,0x48,0x0A,0xDD,0x21,
  0x60,0xC6,0x21,0xAF,0x45,0xC3,0x48,0x0A,0xDD,0x21,0x60,0xC5,0x21,0x9E,0x46,0xC3,
  0x48,0x0A,0xDD,0x21,0x80,0xC5,0x21,0x14,0x47,0xC3,0x48,0x0A,0xDD,0x21,0x20,0xC6,
  0x21,0x3A,0x48,0xC3,0x48,0x0A,0xDD,0x21,0x20,0xC6,0x21,0x41,0x4A,0xC3,0x48,0x0A,
  0xDD,0x21,0x40,0xC6,0x21,0x81,0x4A,0xC3,0x48,0x0A,0xDD,0x21,0x20,0xC6,0x21,0x10,
  0x4B,0xC3,0x48,0x0A,0xDD,0x21,0x20,0xC6,0x21,0x10,0x4C,0xC3,0x48,0x0A,0xDD,0x21,
  0x40,0xC6,0x21,0xDB,0x4D,0xC3,0x48,0x0A,0xDD,0x21,0x40,0xC6,0x21,0xCA,0x4E,0xC3,
  0x48,0x0A,0xDD,0x21,0x40,0xC5,0x21,0x20,0x4F,0xC3,0x48,0x0A,0xDD,0x21,0x20,0xC6,
  0x21,0x6B,0x4F,0xC3,0x48,0x0A,0xDD,0x21,0x20,0xC6,0x21,0x00,0x52,0xC3,0x48,0x0A,
  0xDD,0x21,0x40,0xC6,0x21,0x3A,0x53,0xC3,0x48,0x0A,0xDD,0x21,0x20,0xC6,0x21,0x9B,
  0x54,0xC3,0x48,0x0A,0xDD,0x21,0x20,0xC6,0x21,0xD8,0x54,0xC3,0x48,0x0A,0xDD,0x21,
  0x20,0xC6,0x21,0xE9,0x55,0xC3,0x48,0x0A,0xDD,0x74,0x15,0xDD,0x75,0x16,0xDD,0x74,
  0x17,0xDD,0x75,0x18,0xDD,0x35,0x00,0xDD,0x36,0x13,0x00,0xDD,0x36,0x14,0x00,0xDD,
  0x36,0x19,0x00,0xDD,0x36,0x08,0xFF,0xC9,0xCD,0x6F,0x0A,0xCD,0x4B,0x0B,0xC9,0xDD,
  0x21,0x80,0xC5,0xDD,0x7E,0x00,0xA7,0x20,0x2E,0xDD,0x21,0x60,0xC5,0xDD,0x7E,0x00,
  0xA7,0x20,0x24,0xDD,0x21,0x40,0xC5,0xDD,0x7E,0x00,0xA7,0x20,0x1A,0xDD,0x21,0x20,
  0xC5,0xDD,0x7E,0x00,0xA7,0x20,0x10,0xDD,0x21,0x00,0xC5,0xDD,0x7E,0x00,0xA7,0x20,
  0x06,0x11,0xC9,0x0B,0xC3,0xAE,0x0A,0xFD,0x21,0x40,0xC7,0xCD,0xB7,0x0A,0x21,0x00,
  0xE0,0x01,0x01,0xE0,0xC3,0x90,0x0B,0xDD,0x6E,0x01,0xDD,0x66,0x02,0xCB,0x3C,0xCB,
  0x1D,0xCB,0x3C,0xCB,0x1D,0xCB,0x3C,0xCB,0x1D,0xCB,0x3C,0xCB,0x1D,0xFD,0x75,0x01,
  0xFD,0x74,0x02,0xDD,0x6E,0x03,0xDD,0x66,0x04,0xCB,0x3C,0xCB,0x1D,0xCB,0x3C,0xCB,
  0x1D,0xCB,0x3C,0xCB,0x1D,0xCB,0x3C,0xCB,0x1D,0xFD,0x75,0x03,0xFD,0x74,0x04,0xDD,
  0x6E,0x05,0xDD,0x66,0x06,0xCB,0x3C,0xCB,0x1D,0xCB,0x3C,0xCB,0x1D,0xCB,0x3C,0xCB,
  0x1D,0xCB,0x3C,0xCB,0x1D,0xFD,0x75,0x05,0xFD,0x74,0x06,0xDD,0x7E,0x07,0xCB,0x3F,
  0xCB,0x3F,0xCB,0x3F,0xFD,0x77,0x07,0xDD,0x7E,0x08,0xFD,0x77,0x08,0xDD,0x7E,0x09,
  0xCB,0x3F,0xCB,0x3F,0xCB,0x3F,0xCB,0x3F,0xFD,0x77,0x09,0xDD,0x7E,0x0A,0xCB,0x3F,
  0xCB,0x3F,0xCB,0x3F,0xCB,0x3F,0xFD,0x77,0x0A,0xDD,0x7E,0x0B,0xCB,0x3F,0xCB,0x3F,
  0xCB,0x3F,0xCB,0x3F,0xFD,0x77,0x0B,0xFD,0xE5,0xD1,0xC9,0xDD,0x21,0x00,0xC7,0xDD,
  0x7E,0x00,0xA7,0x20,0x2E,0xDD,0x21,0x80,0xC7,0xDD,0x7E,0x00,0xA7,0x20,0x24,0xDD,
  0x21,0x60,0xC6,0xDD,0x7E,0x00,0xA7,0x20,0x1A,0xDD,0x21,0x40,0xC6,0xDD,0x7E,0x00,
  0xA7,0x20,0x10,0xDD,0x21,0x20,0xC6,0xDD,0x7E,0x00,0xA7,0x20,0x06,0x11,0xC9,0x0B,
  0xC3,0x8A,0x0B,0xFD,0x21,0x50,0xC7,0xCD,0xB7,0x0A,0x21,0x02,0xE0,0x01,0x03,0xE0,
  0x1C,0x36,0x00,0x1A,0x1C,0x02,0x36,0x01,0x1A,0x1C,0x02,0x36,0x02,0x1A,0x1C,0x02,
  0x36,0x03,0x1A,0x1C,0x02,0x36,0x04,0x1A,0x1C,0x02,0x36,0x05,0x1A,0x1C,0x02,0x36,
  0x06,0x1A,0x1C,0x02,0x36,0x07,0x1A,0x1C,0x02,0x36,0x08,0x1A,0x1C,0x02,0x36,0x09,
  0x1A,0x1C,0x02,0x36,0x0A,0x1A,0x1C,0x02,0xC9,0x00,0x00,0x00,0x00,0x00,0x00,0x00,
  0x00,0xFF,0x00,0x00,0x00,0x21,0x31,0x40,0x21,0x1F,0x10,0x3E,0x00,0x12,0x0F,0xD0,
  0x91,0x0C,0x0C,0x02,0x05,0x07,0x04,0x04,0x07,0xE6,0xF4,0x04,0xD3,0x39,0xF0,0x74,
  0x71,0x6D,0x71,0x74,0x00,0x21,0x30,0x41,0x21,0x1F,0x10,0x3E,0x00,0x12,0x0F,0xD0,
  0x91,0x0C,0x0C,0x02,0x05,0x07,0x04,0x04,0x07,0xE6,0xF4,0x04,0xD3,0x39,0xF0,0x75,
  0x71,0x6C,0x71,0x75,0x01,0x41,0x31,0x32,0x41,0x1A,0x17,0x2B,0x00,0x4B,0x4B,0x0D,
  0x4D,0x08,0x09,0x09,0x02,0x01,0x0D,0x04,0x03,0x23,0x13,0x13,0x03,0x3A,0xF0,0x78,
  0x72,0x6F,0x72,0x78,0x02,0x41,0x31,0x45,0x41,0x18,0x1E,0x2C,0x00,0x50,0x57,0x59,
  0x4F,0x0A,0x0D,0x0B,0x07,0x00,0x00,0x00,0x00,0xE3,0x94,0xA6,0xF4,0x3A,0xF0,0x78,
  0x75,0x6F,0x75,0x78,0x03,0x41,0x31,0x32,0x41,0x1A,0x17,0x2B,0x00,0x49,0x49,0x0D,
  0x4C,0x08,0x09,0x09,0x02,0x01,0x0D,0x04,0x03,0x23,0x13,0x13,0x03,0x3A,0xF0,0x71,
  0x6E,0x6A,0x6E,0x71,0x04,0x40,0x30,0x30,0x40,0x17,0x0F,0x24,0x00,0x49,0x49,0x0D,
  0x4C,0x08,0x09,0x09,0x02,0x01,0x0D,0x04,0x03,0x23,0x13,0x13,0x03,0x3A,0xF0,0x72,
  0x6D,0x6A,0x6D,0x72,0x05,0x61,0x40,0x35,0x32,0x34,0x17,0x29,0x05,0x1F,0x1E,0x1F,
  0x1F,0x05,0x02,0x08,0x08,0x00,0x00,0x00,0x00,0x64,0xF4,0xF2,0x04,0x38,0xF0,0x74,
  0x6F,0x6B,0x6F,0x74,0x06,0x20,0x00,0x20,0x10,0x17,0x12,0x2E,0x03,0x1C,0x1F,0x9D,
  0x5F,0x0D,0x05,0x0A,0x05,0x00,0x00,0x00,0x00,0x99,0x43,0x43,0x44,0x3A,0xF0,0x72,
  0x6D,0x6A,0x6D,0x72,0x07,0x31,0x31,0x37,0x31,0x19,0x19,0x2F,0x00,0x91,0x8F,0x8F,
  0x55,0x10,0x05,0x05,0x05,0x00,0x00,0x00,0x00,0x15,0x25,0xC5,0xF4,0x3A,0xF0,0x74,
  0x6F,0x6B,0x6F,0x74,0x08,0x20,0x00,0x20,0x10,0x17,0x12,0x2E,0x00,0x1C,0x1F,0x9D,
  0x5F,0x0D,0x05,0x0A,0x05,0x00,0x00,0x00,0x00,0x99,0x43,0x43,0x44,0x3A,0xF0,0x76,
  0x71,0x6D,0x71,0x76,0x09,0x22,0x31,0x40,0x21,0x1D,0x00,0x00,0x00,0x1F,0x1F,0xDF,
  0x9F,0x0C,0x0C,0x02,0x05,0x08,0x08,0x08,0x10,0x06,0x16,0x06,0x96,0x3D,0xF0,0x77,
  0x71,0x6E,0x71,0x77,0x0A,0x24,0x32,0x41,0x22,0x1A,0x00,0x00,0x00,0x18,0x14,0xD5,
  0x9A,0x03,0x0C,0x02,0x05,0x07,0x04,0x04,0x07,0x13,0x14,0x23,0x34,0x3D,0xF0,0x73,
  0x6D,0x6A,0x6D,0x73,0x0B,0x08,0x10,0x04,0x40,0x2E,0x07,0x07,0x07,0x94,0x9F,0x8E,
  0x8F,0x12,0x02,0x02,0x02,0x00,0x00,0x00,0x00,0xF3,0xF3,0xF3,0xF5,0x05,0xF0,0x75,
  0x6F,0x6C,0x6F,0x75,0x0C,0x21,0x31,0x40,0x20,0x1B,0x00,0x00,0x00,0x10,0x09,0xC9,
  0x90,0x0C,0x0C,0x02,0x05,0x08,0x08,0x08,0x10,0x04,0x14,0x04,0x94,0x3D,0xF0,0x6D,
  0x72,0x6D,0x6A,0x6D,0x0D,0x42,0x3A,0x41,0x34,0x21,0x27,0x00,0x00,0x92,0x5E,0x0E,
  0x4F,0x0A,0x06,0x04,0x05,0x03,0x03,0x00,0x1F,0xB7,0xE9,0xF4,0xF5,0x1C,0xF0,0x6F,
  0x74,0x6F,0x6B,0x6F,0x0E,0x21,0x31,0x41,0x22,0x18,0x07,0x07,0x07,0x18,0x1D,0xD5,
  0x94,0x03,0x0C,0x02,0x05,0x07,0x04,0x04,0x07,0x32,0x32,0x22,0xF2,0x3D,0xF0,0x6D,
  0x72,0x6D,0x6A,0x6D,0x0F,0x61,0x62,0x61,0x61,0x25,0x1F,0x00,0x0E,0x10,0x1F,0x12,
  0x1F,0x06,0x0F,0x03,0x0F,0x01,0x06,0x06,0x04,0x03,0x03,0x1C,0x03,0x3C,0xF0,0x6F,
  0x74,0x6F,0x6B,0x6F,0x10,0x61,0x62,0x61,0x61,0x25,0x1F,0x00,0x0A,0x10,0x1F,0x12,
  0x1F,0x06,0x0F,0x03,0x0F,0x01,0x06,0x06,0x04,0x03,0x03,0x1C,0x03,0x3C,0xF0,0x71,
  0x76,0x71,0x6D,0x71,0x11,0x61,0x60,0x64,0x61,0x19,0x17,0x1B,0x00,0xDB,0x19,0x19,
  0xDB,0x04,0x04,0x05,0x03,0x04,0x04,0x04,0x03,0xF4,0x14,0x04,0x11,0x3B,0xF0,0x71,
  0x76,0x71,0x6E,0x71,0x12,0x61,0x62,0x61,0x61,0x25,0x1F,0x00,0x05,0x10,0x1F,0x12,
  0x1F,0x06,0x0F,0x03,0x0F,0x01,0x06,0x06,0x04,0x03,0x03,0x1C,0x03,0x3C,0xF0,0x6D,
  0x73,0x6D,0x6A,0x6D,0x13,0x3E,0x31,0x4F,0x23,0x1F,0x1B,0x3D,0x05,0x1F,0x1F,0xDF,
  0x9F,0x0C,0x0C,0x02,0x05,0x04,0x04,0x04,0x07,0xE3,0xF2,0x02,0xD2,0x3A,0xF0,0x6E,
  0x71,0x6E,0x6A,0x6E,0x14,0x61,0x62,0x61,0x61,0x25,0x1F,0x00,0x17,0x10,0x1F,0x12,
  0x1F,0x06,0x0F,0x03,0x0F,0x01,0x06,0x06,0x04,0x03,0x03,0x1C,0x03,0x3C,0xF0,0x11,
  0xFF,0x5F,0x0F,0x1F,0x15,0x66,0x65,0x6C,0x62,0x15,0x02,0x00,0x00,0x1F,0x1F,0x1F,
  0x1F,0x06,0x0F,0x03,0x07,0x01,0x06,0x06,0x04,0x04,0x05,0x16,0x25,0x3F,0xF0,0x80,
  0x91,0x96,0x99,0xD5,0x16,0x21,0x31,0x40,0x21,0x1F,0x10,0x3E,0x03,0x12,0x0F,0xD0,
  0x91,0x0C,0x0C,0x02,0x05,0x07,0x04,0x04,0x07,0xE6,0xF4,0x04,0xD3,0x39,0xF0,0x12,
  0xFF,0x5F,0x0F,0x1F,0x17,0x3E,0x31,0x4F,0x23,0x1F,0x1B,0x3D,0x00,0x1F,0x1F,0xDF,
  0x9F,0x0C,0x0C,0x02,0x05,0x04,0x04,0x04,0x07,0xE3,0xF2,0x02,0x82,0x3A,0xF0,0x80,
  0x91,0x96,0x99,0xD5,0x18,0x3E,0x31,0x4F,0x23,0x1F,0x1B,0x3D,0x00,0x1F,0x1F,0xDF,
  0x9F,0x0C,0x0C,0x02,0x05,0x04,0x04,0x04,0x07,0xE3,0xF2,0x02,0xD2,0x3A,0xF0,0x13,
  0xFF,0x5F,0x0F,0x1F,0x19,0x38,0x31,0x49,0x23,0x1F,0x1B,0x3D,0x00,0x1F,0x1F,0xDF,
  0x9F,0x0C,0x0C,0x02,0x05,0x04,0x04,0x04,0x07,0xE5,0xF2,0x02,0xD4,0x3A,0xF0,0x0B,
  0x0F,0x14,0x1C,0x0B,0x1A,0x21,0x30,0x41,0x21,0x1F,0x10,0x3E,0x03,0x12,0x0F,0xD0,
  0x91,0x0C,0x0C,0x02,0x05,0x07,0x04,0x04,0x07,0xE6,0xF4,0x04,0xD3,0x39,0xF0,0x94,
  0x96,0x98,0x30,0x99,0x1B,0x62,0x62,0x61,0x61,0x25,0x1F,0x07,0x00,0x10,0x1F,0x12,
  0x1F,0x06,0x0F,0x03,0x0F,0x01,0x06,0x06,0x04,0x03,0x03,0x1C,0x04,0x3C,0xF0,0x8C,
  0xDF,0x80,0x6E,0xDF,0x1C,0x61,0x40,0x35,0x32,0x34,0x17,0x29,0x00,0x1F,0x1E,0x1F,
  0x1F,0x05,0x02,0x08,0x08,0x00,0x00,0x00,0x00,0x64,0xF4,0xF2,0x04,0x38,0xF0,0xDF,
  0xC8,0xFF,0x1F,0x2A,0x1D,0x00,0x00,0x00,0x00,0x7F,0x7F,0x7F,0x7F,0x00,0x00,0x00,
  0x00,0x00,0x00,0x00,0x00,0x00,0x00,0x00,0x00,0x00,0x00,0x00,0x00,0x39,0x00,0x30,
  0x91,0x30,0x91,0x13,0x1E,0x00,0x00,0x20,0x30,0x13,0x07,0x07,0x00,0x1F,0x1F,0x1F,
  0x1F,0x06,0x0D,0x06,0x06,0x00,0x02,0x02,0x02,0x04,0xF3,0xF4,0xF4,0x39,0xF0,0x8F,
  0x30,0x8F,0x30,0x8F,0x1F,0xCD,0xB1,0x02,0x21,0xDE,0x0F,0xC3,0xDE,0x02,0x05,0xF7,
  0x0F,0x19,0x06,0x44,0x10,0x03,0x06,0x4D,0x10,0x19,0x06,0x7C,0x10,0x03,0x06,0xAD,
  0x10,0x03,0x06,0xE2,0x10,0x03,0x06,0x1F,0x32,0x30,0x8D,0x30,0x8C,0x30,0x8D,0x30,
  0x85,0x30,0x88,0x30,0x8D,0x30,0x8F,0x30,0x8D,0x30,0x8F,0x30,0x86,0x30,0x8C,0x30,
  0x8F,0x30,0x91,0x30,0x8F,0x30,0x91,0x30,0x88,0x30,0x8C,0x30,0x91,0x30,0x92,0x30,
  0x91,0x30,0x92,0x30,0x8A,0x30,0x8F,0x30,0x92,0x53,0x54,0x53,0x54,0x53,0x54,0x53,
  0x54,0x53,0x54,0x53,0x54,0x53,0x54,0x53,0x54,0x53,0x54,0x53,0x54,0x53,0x54,0x53,
  0x54,0xB8,0xF9,0xFF,0x1F,0x26,0xD1,0xD2,0xD4,0xD6,0xF8,0xFD,0xFF,0x1F,0x26,0xAD,
  0x30,0x99,0x30,0x98,0x30,0x99,0xAF,0x30,0x98,0x30,0x99,0x30,0x9B,0xAD,0x30,0x99,
  0x30,0x94,0x30,0x99,0xAF,0x30,0x9E,0x30,0x9E,0x30,0x9E,0x30,0x88,0x30,0x8C,0x30,
  0x8F,0x30,0x94,0x30,0x98,0x30,0x9B,0x1F,0x32,0xD4,0xE8,0xFF,0x1F,0x26,0x30,0xAD,
  0x30,0x8D,0x30,0xB4,0x30,0x94,0x30,0xB2,0x30,0x92,0x30,0xAF,0x30,0x8F,0x30,0xB4,
  0x30,0x94,0x30,0xB4,0x30,0x94,0x30,0xAF,0x30,0x8F,0x30,0xB2,0x30,0x92,0x30,0x88,
  0x30,0x8A,0x30,0x88,0x30,0x8C,0x30,0x8F,0x30,0x8C,0xD4,0xED,0xFF,0x1F,0x1A,0x30,
  0x88,0x30,0x8D,0x30,0x88,0x30,0x94,0x30,0x91,0x30,0x8D,0x30,0x8A,0x30,0x8F,0x30,
  0x8A,0x30,0x96,0x30,0x92,0x30,0x8F,0x30,0x8D,0x30,0x91,0x30,0x8D,0x30,0x98,0x30,
  0x94,0x30,0x91,0x30,0x8F,0x30,0x92,0x30,0x8F,0x30,0x9B,0x30,0x96,0x30,0x92,0xEC,
  0xF4,0xFF,0x1F,0x1A,0xC8,0xCA,0xCC,0xCD,0xE8,0xED,0xFF,0xCD,0xB1,0x02,0x21,0xF4,
  0x10,0xC3,0xDE,0x02,0x07,0x0D,0x11,0x0F,0x02,0x17,0x12,0x0F,0x02,0x1F,0x13,0x0F,
  0x02,0x28,0x14,0x0D,0x0E,0x68,0x14,0x0D,0x0E,0xA8,0x14,0x3F,0x00,0x5F,0x0C,0x1F,
  0x2F,0xDF,0x40,0x66,0x6A,0x6D,0x72,0x6D,0x6A,0x6D,0x72,0x66,0x6A,0x6D,0x72,0x6D,
  0x6A,0x6D,0x72,0x66,0x6A,0x6D,0x72,0x6D,0x6A,0x6D,0x72,0x66,0x6A,0x6D,0x72,0x6D,
  0x6A,0x6D,0x72,0x68,0x6B,0x6F,0x74,0x6F,0x6B,0x6F,0x74,0x68,0x6B,0x6F,0x74,0x6F,
  0x6B,0x6F,0x74,0x68,0x6D,0x71,0x74,0x71,0x6D,0x71,0x74,0x68,0x6D,0x71,0x74,0x71,
  0x6D,0x71,0x74,0x66,0x6A,0x6D,0x72,0x6D,0x6A,0x6D,0x72,0x66,0x6A,0x6D,0x72,0x6D,
  0x6A,0x6D,0x72,0x66,0x6A,0x6D,0x72,0x6D,0x6A,0x6D,0x72,0x66,0x6A,0x6D,0x72,0x6D,
  0x6A,0x6D,0x72,0x68,0x6B,0x6F,0x74,0x6F,0x6B,0x6F,0x74,0x68,0x6B,0x6F,0x74,0x6F,
  0x6B,0x6F,0x74,0x68,0x6D,0x71,0x74,0x71,0x6D,0x71,0x74,0x69,0x6D,0x71,0x75,0x72,
  0x6C,0x72,0x75,0x6A,0x6D,0x71,0x76,0x71,0x6D,0x71,0x76,0x6A,0x6D,0x71,0x76,0x71,
  0x6D,0x71,0x76,0x69,0x6C,0x71,0x75,0x71,0x6C,0x71,0x75,0x69,0x6C,0x71,0x75,0x71,
  0x6C,0x71,0x75,0x6A,0x6E,0x71,0x76,0x71,0x6E,0x71,0x76,0x6B,0x6E,0x71,0x77,0x71,
  0x6E,0x71,0x77,0x6C,0x6F,0x72,0x78,0x72,0x6F,0x72,0x78,0x6F,0x72,0x76,0x78,0x76,
  0x72,0x76,0x78,0x67,0x6A,0x6D,0x73,0x6D,0x6A,0x6D,0x73,0x67,0x6A,0x6D,0x73,0x6D,
  0x6A,0x6D,0x73,0x6C,0x6F,0x75,0x78,0x75,0x6F,0x75,0x78,0x6E,0x71,0x76,0x7A,0x76,
  0x71,0x76,0x7A,0x65,0x6A,0x6E,0x71,0x6E,0x6A,0x6E,0x71,0x69,0x6C,0x6F,0x75,0x6F,
  0x6C,0x6F,0x75,0x65,0x6A,0x6E,0x71,0x6E,0x6A,0x6E,0x71,0x65,0x6A,0x6D,0x71,0x6D,
  0x6C,0x68,0x67,0x7F,0x13,0x11,0xFF,0x5F,0x0C,0x1F,0x23,0x66,0x6A,0x6D,0x72,0x6D,
  0x6A,0x6D,0x72,0x66,0x6A,0x6D,0x72,0x6D,0x6A,0x6D,0x72,0x66,0x6A,0x6D,0x72,0x6D,
  0x6A,0x6D,0x72,0x66,0x6A,0x6D,0x72,0x6D,0x6A,0x6D,0x72,0x68,0x6B,0x6F,0x74,0x6F,
  0x6B,0x6F,0x74,0x68,0x6B,0x6F,0x74,0x6F,0x6B,0x6F,0x74,0x68,0x6D,0x71,0x74,0x71,
  0x6D,0x71,0x74,0x68,0x6D,0x71,0x74,0x71,0x6D,0x71,0x74,0x66,0x6A,0x6D,0x72,0x6D,
  0x6A,0x6D,0x72,0x66,0x6A,0x6D,0x72,0x6D,0x6A,0x6D,0x72,0x66,0x6A,0x6D,0x72,0x6D,
  0x6A,0x6D,0x72,0x66,0x6A,0x6D,0x72,0x6D,0x6A,0x6D,0x72,0x68,0x6B,0x6F,0x74,0x6F,
  0x6B,0x6F,0x74,0x68,0x6B,0x6F,0x74,0x6F,0x6B,0x6F,0x74,0x68,0x6D,0x71,0x74,0x71,
  0x6D,0x71,0x74,0x69,0x6D,0x71,0x75,0x72,0x6C,0x72,0x75,0x6A,0x6D,0x71,0x76,0x71,
  0x6D,0x71,0x76,0x6A,0x6D,0x71,0x76,0x71,0x6D,0x71,0x76,0x69,0x6C,0x71,0x75,0x71,
  0x6C,0x71,0x75,0x69,0x6C,0x71,0x75,0x71,0x6C,0x71,0x75,0x6A,0x6E,0x71,0x76,0x71,
  0x6E,0x71,0x76,0x6B,0x6E,0x71,0x77,0x71,0x6E,0x71,0x77,0x6C,0x6F,0x72,0x78,0x72,
  0x6F,0x72,0x78,0x6F,0x72,0x76,0x78,0x76,0x72,0x76,0x78,0x67,0x6A,0x6D,0x73,0x6D,
  0x6A,0x6D,0x73,0x67,0x6A,0x6D,0x73,0x6D,0x6A,0x6D,0x73,0x6C,0x6F,0x75,0x78,0x75,
  0x6F,0x75,0x78,0x6E,0x71,0x76,0x7A,0x76,0x71,0x76,0x7A,0x65,0x6A,0x6E,0x71,0x6E,
  0x6A,0x6E,0x71,0x69,0x6C,0x6F,0x75,0x6F,0x6C,0x6F,0x75,0x65,0x6A,0x6E,0x71,0x6E,
  0x6A,0x6E,0x71,0x65,0x6A,0x6D,0x71,0x6D,0x6C,0x68,0x67,0x7F,0x1B,0x12,0xFF,0x5F,
  0x0C,0x1F,0x2F,0x40,0x66,0x6A,0x6D,0x72,0x6D,0x6A,0x6D,0x72,0x66,0x6A,0x6D,0x72,
  0x6D,0x6A,0x6D,0x72,0x66,0x6A,0x6D,0x72,0x6D,0x6A,0x6D,0x72,0x66,0x6A,0x6D,0x72,
  0x6D,0x6A,0x6D,0x72,0x68,0x6B,0x6F,0x74,0x6F,0x6B,0x6F,0x74,0x68,0x6B,0x6F,0x74,
  0x6F,0x6B,0x6F,0x74,0x68,0x6D,0x71,0x74,0x71,0x6D,0x71,0x74,0x68,0x6D,0x71,0x74,
  0x71,0x6D,0x71,0x74,0x66,0x6A,0x6D,0x72,0x6D,0x6A,0x6D,0x72,0x66,0x6A,0x6D,0x72,
  0x6D,0x6A,0x6D,0x72,0x66,0x6A,0x6D,0x72,0x6D,0x6A,0x6D,0x72,0x66,0x6A,0x6D,0x72,
  0x6D,0x6A,0x6D,0x72,0x68,0x6B,0x6F,0x74,0x6F,0x6B,0x6F,0x74,0x68,0x6B,0x6F,0x74,
  0x6F,0x6B,0x6F,0x74,0x68,0x6D,0x71,0x74,0x71,0x6D,0x71,0x74,0x69,0x6D,0x71,0x75,
  0x72,0x6C,0x72,0x75,0x6A,0x6D,0x71,0x76,0x71,0x6D,0x71,0x76,0x6A,0x6D,0x71,0x76,
  0x71,0x6D,0x71,0x76,0x69,0x6C,0x71,0x75,0x71,0x6C,0x71,0x75,0x69,0x6C,0x71,0x75,
  0x71,0x6C,0x71,0x75,0x6A,0x6E,0x71,0x76,0x71,0x6E,0x71,0x76,0x6B,0x6E,0x71,0x77,
  0x71,0x6E,0x71,0x77,0x6C,0x6F,0x72,0x78,0x72,0x6F,0x72,0x78,0x6F,0x72,0x76,0x78,
  0x76,0x72,0x76,0x78,0x67,0x6A,0x6D,0x73,0x6D,0x6A,0x6D,0x73,0x67,0x6A,0x6D,0x73,
  0x6D,0x6A,0x6D,0x73,0x6C,0x6F,0x75,0x78,0x75,0x6F,0x75,0x78,0x6E,0x71,0x76,0x7A,
  0x76,0x71,0x76,0x7A,0x65,0x6A,0x6E,0x71,0x6E,0x6A,0x6E,0x71,0x69,0x6C,0x6F,0x75,
  0x6F,0x6C,0x6F,0x75,0x65,0x6A,0x6E,0x71,0x6E,0x6A,0x6E,0x71,0x65,0x6A,0x6D,0x71,
  0x6D,0x6C,0x68,0x67,0x7F,0x24,0x13,0xFF,0x5F,0x0F,0x1F,0x23,0xDF,0xD2,0xB1,0xDF,
  0xCF,0xA0,0xDF,0xD4,0xB2,0xD1,0x8D,0x8D,0x8F,0x91,0xDF,0xD2,0xB1,0xDF,0xCF,0xA0,
  0xDF,0xD4,0xB2,0xD1,0xD5,0xD6,0x80,0x91,0x96,0x99,0xD5,0xB8,0xBD,0xCE,0x80,0x8B,
  0x8E,0x91,0xCF,0xB2,0xB6,0xD3,0xB6,0xB9,0xD8,0xBA,0xBB,0xDF,0xD1,0xBB,0xBA,0xB6,
  0x80,0x95,0x94,0x93,0x7F,0x2C,0x14,0xFF,0x5F,0x0F,0x1F,0x17,0xDF,0xD2,0xB1,0xDF,
  0xCF,0xA0,0xDF,0xD4,0xB2,0xD1,0x8D,0x8D,0x8F,0x91,0xDF,0xD2,0xB1,0xDF,0xCF,0xA0,
  0xDF,0xD4,0xB2,0xD1,0xD5,0xD6,0x80,0x91,0x96,0x99,0xD5,0xB8,0xBD,0xCE,0x80,0x8B,
  0x8E,0x91,0xCF,0xB2,0xB6,0xD3,0xB6,0xB9,0xD8,0xBA,0xBB,0xDF,0xD1,0xBB,0xBA,0xB6,
  0x80,0x95,0x94,0x93,0x7F,0x6C,0x14,0xFF,0x5F,0x0F,0x1F,0x0B,0xFF,0xCD,0xB1,0x02,
  0x21,0xB6,0x14,0xC3,0xDE,0x02,0x06,0xCF,0x14,0x13,0x0B,0xFA,0x14,0x13,0x0B,0x23,
  0x15,0x13,0x0B,0x46,0x15,0x1C,0x0B,0x6F,0x15,0x1C,0x0B,0x9A,0x15,0x1C,0x0B,0x1F,
  0x36,0x61,0x65,0x68,0x6D,0xDF,0xB1,0x91,0x92,0x91,0x62,0x65,0x68,0x6E,0xDF,0xB1,
  0x91,0x92,0x91,0x92,0x92,0x94,0x94,0x96,0x98,0x30,0x99,0x30,0x99,0x30,0x9B,0xDF,
  0x99,0x60,0x30,0x8D,0x30,0x8D,0x30,0x8D,0xCD,0xFF,0x1F,0x36,0xDF,0x80,0x6D,0xDF,
  0xAD,0x8D,0x8D,0x8C,0xDF,0x80,0x6E,0xDF,0xAE,0x8E,0x8E,0x8C,0x8F,0x8F,0x8F,0x8F,
  0x92,0x94,0x30,0x95,0x30,0x95,0x30,0x95,0xDF,0x94,0x60,0x30,0x88,0x30,0x88,0x30,
  0x88,0xC8,0xFF,0x1F,0x2A,0x80,0xD4,0x94,0x96,0x94,0x80,0xD4,0x95,0x96,0x95,0x96,
  0x96,0x98,0x98,0x96,0x92,0x30,0x9E,0x30,0x9E,0x30,0x9E,0xDF,0x9D,0x60,0x30,0x91,
  0x30,0x91,0x30,0x91,0xD1,0xFF,0x1F,0x2A,0x60,0xDF,0x91,0xDF,0xB1,0x91,0x92,0x91,
  0x60,0xDF,0x91,0xDF,0xB1,0x91,0x92,0x91,0x92,0x92,0x94,0x94,0x92,0x8F,0x30,0x8F,
  0x30,0x8F,0x30,0x8F,0xDF,0x8D,0x60,0x30,0x81,0x30,0x81,0x30,0x81,0xC1,0xFF,0x1F,
  0x1E,0xDF,0xAD,0x91,0x94,0x91,0x94,0x99,0xDF,0xAE,0x91,0x94,0x91,0x94,0x9D,0x9E,
  0x9D,0x98,0x9D,0x1F,0x2A,0x94,0x1F,0x1E,0x94,0x30,0x9E,0x30,0x9E,0x30,0x9E,0xDF,
  0x88,0x60,0x30,0x88,0x30,0x88,0x30,0x88,0xC8,0xFF,0x1F,0x1E,0xDF,0x8D,0x6D,0xDF,
  0xAD,0x8D,0x8D,0x8D,0xDF,0x8E,0x6E,0xDF,0xAE,0x8E,0x8E,0x8E,0x92,0x92,0x8F,0x8F,
  0x8D,0x8C,0x30,0x95,0x30,0x95,0x30,0x95,0xDF,0x94,0x60,0x30,0x88,0x30,0x88,0x30,
  0x88,0xDF,0xC8,0xFF,0xCD,0xB1,0x02,0x21,0xCD,0x15,0xC3,0xDE,0x02,0x07,0xE6,0x15,
  0x11,0x0A,0x69,0x16,0x13,0x0A,0xFA,0x16,0x13,0x0A,0x60,0x17,0x13,0x0A,0xBD,0x17,
  0x13,0x0A,0x22,0x18,0x13,0x0A,0x1F,0x32,0x11,0x0A,0x91,0x88,0x88,0x91,0x88,0x88,
  0x66,0x68,0x6A,0x6C,0x6D,0x6F,0x71,0x68,0x6A,0x6C,0x6D,0x6F,0x91,0x88,0x88,0x91,
  0x88,0x88,0x6A,0x76,0x74,0x73,0x72,0x71,0xAF,0x90,0x15,0x0A,0x91,0x89,0x89,0x11,
  0x0A,0x91,0x89,0x89,0x13,0x0A,0x6F,0x6E,0x6F,0x72,0x71,0x6F,0x1C,0x0A,0x6C,0x68,
  0x6A,0x6C,0x6D,0x6F,0x15,0x0A,0x92,0x8A,0x8A,0x10,0x0A,0x92,0x8A,0x8A,0x11,0x0A,
  0x92,0x8A,0x8A,0x13,0x0A,0x96,0x8A,0x8A,0x1C,0x0A,0x78,0x74,0x6F,0x6C,0xDF,0x8F,
  0x6D,0x6C,0x6A,0x6C,0x68,0x10,0x0A,0x68,0x67,0x68,0x6A,0x69,0x6A,0x11,0x0A,0x6C,
  0x6A,0x6C,0x6D,0x6C,0x6D,0x13,0x0A,0x6F,0x6D,0x6F,0x71,0x6F,0x71,0x1C,0x0A,0x72,
  0x71,0x72,0x74,0x73,0x74,0x7F,0xE8,0x15,0xFF,0x1F,0x26,0x1F,0x26,0x13,0x0A,0xAD,
  0x80,0xAD,0x80,0x6F,0x71,0x72,0x74,0x76,0x72,0x74,0x71,0x72,0x74,0x76,0x78,0x8D,
  0x6D,0x6F,0x71,0x74,0x8D,0x6D,0x6F,0x71,0x74,0x6F,0x6A,0x6F,0x72,0x76,0x78,0x68,
  0x6C,0x6F,0x6C,0x6F,0x74,0x15,0x0A,0x91,0x69,0x6C,0x71,0x75,0x11,0x0A,0x91,0x69,
  0x6C,0x71,0x75,0x1C,0x0A,0x78,0x77,0x78,0x7B,0x79,0x78,0x6F,0x6C,0x6F,0x71,0x72,
  0x74,0x15,0x0A,0x1F,0x1A,0x80,0x8A,0x96,0x10,0x0A,0x80,0x8B,0x97,0x11,0x0A,0x80,
  0x8C,0x98,0x13,0x0A,0x8C,0x9B,0x9C,0x1F,0x32,0x1C,0x0A,0x80,0x78,0x74,0x6F,0x6C,
  0x6F,0x6D,0x68,0x67,0x68,0x65,0x10,0x0A,0x65,0x64,0x65,0x66,0x65,0x66,0x11,0x0A,
  0x67,0x66,0x67,0x68,0x67,0x68,0x13,0x0A,0x6A,0x68,0x6A,0x6C,0x6A,0x6C,0x1C,0x0A,
  0x6D,0x6C,0x6D,0x6F,0x6D,0x6F,0x7F,0x6B,0x16,0xFF,0x1F,0x26,0x1F,0x26,0x13,0x0A,
  0xA8,0x80,0xA8,0x80,0x8F,0x8A,0x86,0x94,0x8D,0x88,0xA8,0x80,0xA8,0x80,0x8A,0x86,
  0x8A,0x8C,0x8A,0x8C,0x11,0x0A,0xA5,0x80,0x13,0x0A,0xA9,0x80,0x1C,0x0A,0x86,0x86,
  0x86,0x88,0x88,0x88,0x15,0x0A,0x1F,0x1A,0x80,0x86,0x92,0x10,0x0A,0x80,0x87,0x93,
  0x11,0x0A,0x80,0x88,0x94,0x13,0x0A,0x80,0x92,0x92,0x1C,0x0A,0x1F,0x32,0x78,0x74,
  0x6F,0x6C,0x6F,0x6D,0x6C,0x6A,0x68,0x67,0x68,0x65,0xDF,0xC0,0x13,0x0A,0x66,0x65,
  0x66,0x68,0x66,0x68,0x1C,0x0A,0x6A,0x68,0x6A,0x6C,0x6A,0x6C,0x7F,0xFC,0x16,0xFF,
  0x1F,0x26,0x1F,0x26,0x13,0x0A,0x81,0x85,0x85,0x81,0x85,0x85,0x86,0x86,0x86,0x88,
  0x88,0x88,0xA8,0x80,0xA8,0x80,0x00,0x8A,0x86,0x8A,0x8C,0x8A,0x8C,0x1F,0x1A,0x10,
  0x0A,0xAC,0x80,0x11,0x0A,0xB1,0x80,0x13,0x0A,0x8C,0x8C,0x8C,0x8F,0x8F,0x8F,0x15,
  0x0A,0x80,0x86,0x86,0x10,0x0A,0x80,0x87,0x87,0x11,0x0A,0x80,0x8F,0x8F,0x13,0x0A,
  0x80,0x92,0x92,0x1C,0x0A,0x80,0x94,0x94,0x80,0x94,0x94,0xDF,0xC0,0x13,0x0A,0xDF,
  0x88,0xDF,0x8A,0x1C,0x0A,0xDF,0x8C,0xDF,0x94,0x7F,0x62,0x17,0xFF,0x1F,0x26,0x13,
  0x0A,0xA1,0x8D,0xA1,0x8D,0xA3,0x8F,0xA5,0x91,0xA1,0x8D,0xA1,0x8D,0xA3,0x8F,0xA8,
  0x94,0x1F,0x1A,0x10,0x0A,0xAC,0x98,0x11,0x0A,0xAC,0x98,0x13,0x0A,0x98,0x78,0x7B,
  0x79,0x78,0x76,0x74,0x76,0x78,0x79,0x7B,0x15,0x0A,0x80,0x86,0x92,0x10,0x0A,0x80,
  0x87,0x93,0x11,0x0A,0x80,0x88,0x94,0x13,0x0A,0x8F,0x92,0x92,0x1C,0x0A,0x8C,0x8C,
  0x8C,0x8F,0x8F,0x8F,0x10,0x0A,0xDF,0x88,0xDF,0x8A,0x11,0x0A,0xDF,0x8C,0xDF,0x8D,
  0x13,0x0A,0xDF,0x8C,0xDF,0x8F,0x1C,0x0A,0xDF,0x94,0xDF,0x94,0x1F,0x26,0x7F,0xBF,
  0x17,0xFF,0x1F,0x26,0x13,0x0A,0xDF,0xC0,0xDF,0xC0,0x81,0x85,0x85,0x81,0x85,0x85,
  0x86,0x86,0x86,0x88,0x88,0x88,0x1F,0x1A,0x10,0x0A,0x89,0x91,0x91,0x11,0x0A,0x89,
  0x91,0x91,0x13,0x0A,0x8F,0x92,0x92,0x8F,0x92,0x92,0x15,0x0A,0xAA,0x96,0x10,0x0A,
  0xAB,0x97,0x11,0x0A,0xAC,0x98,0x13,0x0A,0xAF,0x9B,0x1C,0x0A,0x83,0x83,0x83,0x83,
  0x83,0x83,0xDF,0xC0,0x13,0x0A,0x83,0x83,0x86,0x1C,0x0A,0x88,0x88,0x8C,0x1F,0x26,
  0x7F,0x24,0x18,0xFF,0xCD,0xB1,0x02,0x21,0x7D,0x18,0xC3,0xDE,0x02,0x0A,0x96,0x18,
  0x1D,0x06,0xE1,0x18,0x1D,0x06,0x2C,0x19,0x1D,0x06,0x66,0x19,0x0F,0x08,0xD2,0x19,
  0x09,0x03,0x98,0x1A,0x09,0x03,0x1F,0x2D,0xAA,0xB0,0xB1,0xAB,0x8A,0x90,0x91,0x8B,
  0x8A,0x90,0x91,0x8B,0xAF,0xB5,0xB6,0xB0,0x8F,0x95,0x96,0x90,0x8F,0x95,0x96,0x90,
  0xDF,0xB4,0x8D,0x8E,0x8F,0x94,0x93,0xDF,0xB2,0x90,0xB1,0xA9,0xAA,0xB0,0xB1,0xAB,
  0x8A,0x90,0x91,0x8B,0x8A,0x90,0x91,0x8B,0xAF,0xB5,0xB6,0xB0,0x8F,0x95,0x96,0x90,
  0x8F,0x95,0x96,0x98,0xDF,0xB5,0x96,0xB4,0xB5,0xB0,0xAD,0xAA,0xA9,0x7F,0x98,0x18,
  0xFF,0x1F,0x21,0xAA,0xB0,0xB1,0xAB,0x8A,0x90,0x91,0x8B,0x8A,0x90,0x91,0x8B,0xAF,
  0xB5,0xB6,0xB0,0x8F,0x95,0x96,0x90,0x8F,0x95,0x96,0x90,0xDF,0xB4,0x8D,0x8E,0x8F,
  0x94,0x93,0xDF,0xB2,0x90,0xB1,0xA9,0xAA,0xB0,0xB1,0xAB,0x8A,0x90,0x91,0x8B,0x8A,
  0x90,0x91,0x8B,0xAF,0xB5,0xB6,0xB0,0x8F,0x95,0x96,0x90,0x8F,0x95,0x96,0x98,0xDF,
  0xB5,0x96,0xB4,0xB5,0xB0,0xAD,0xAA,0xA9,0x7F,0xE3,0x18,0xFF,0x1F,0x21,0xE0,0xE0,
  0xE0,0xE0,0xDF,0xB8,0x98,0x98,0x98,0x98,0x98,0xDF,0xB8,0x98,0xB2,0xB1,0x80,0xAA,
  0xB0,0xB1,0x8B,0x60,0x8A,0x90,0x91,0x8B,0x8A,0x90,0x91,0x6B,0x80,0xAF,0xB5,0xB6,
  0x90,0x60,0x8F,0x95,0x96,0x90,0x8F,0x95,0x96,0x78,0xB9,0xB9,0xB9,0xB9,0xB6,0xB6,
  0xB2,0xB1,0x7F,0x2E,0x19,0xFF,0x1F,0x21,0xE0,0xE0,0xE0,0xE0,0xE0,0xE0,0x76,0x76,
  0x76,0x76,0x76,0x76,0x77,0x77,0x76,0x76,0x76,0x76,0x76,0x76,0x77,0x77,0x76,0x76,
  0x76,0x76,0x76,0x76,0x77,0x77,0x76,0x76,0x76,0x76,0x76,0x76,0x77,0x77,0x7B,0x7B,
  0x7B,0x7B,0x7B,0x7B,0x7C,0x7C,0x7B,0x7B,0x7B,0x7B,0x7B,0x7B,0x7C,0x7C,0x7B,0x7B,
  0x7B,0x7B,0x7B,0x7B,0x7C,0x7C,0x7B,0x7B,0x7B,0x7B,0x7B,0x7B,0x7C,0x7C,0x79,0x79,
  0x79,0x79,0x79,0x79,0x7A,0x7A,0x79,0x79,0x79,0x79,0x79,0x79,0x7A,0x7A,0x79,0x79,
  0x7A,0x7A,0x76,0x76,0x77,0x77,0x73,0x73,0x74,0x74,0x79,0x79,0x79,0x79,0x7F,0x68,
  0x19,0xFF,0x1F,0x21,0x6A,0x6A,0x6A,0x6A,0x6A,0x6A,0x6A,0x6A,0x6A,0x6A,0x6A,0x6A,
  0x6A,0x6A,0x6A,0x6A,0x6A,0x6A,0x6A,0x6A,0x6A,0x6A,0x6A,0x6A,0x6A,0x6A,0x6A,0x6A,
  0x6A,0x6A,0x6A,0x6A,0x66,0x66,0x66,0x66,0x66,0x66,0x66,0x66,0x66,0x66,0x66,0x66,
  0x66,0x66,0x66,0x66,0x66,0x66,0x66,0x66,0x66,0x66,0x66,0x66,0x66,0x66,0x66,0x66,
  0x66,0x66,0x66,0x66,0x6C,0x6C,0x6C,0x6C,0x6C,0x6C,0x6C,0x6C,0x6C,0x6C,0x6C,0x6C,
  0x6C,0x6C,0x6C,0x6C,0x6C,0x6C,0x6C,0x6C,0x6C,0x6C,0x6C,0x6C,0x6C,0x6C,0x6C,0x6C,
  0x6D,0x6D,0x6D,0x6D,0x6A,0x6A,0x6A,0x6A,0x6A,0x6A,0x6A,0x6A,0x6A,0x6A,0x6A,0x6A,
  0x6A,0x6A,0x6A,0x6A,0x6A,0x6A,0x6A,0x6A,0x6A,0x6A,0x6A,0x6A,0x6A,0x6A,0x6A,0x6A,
  0x6A,0x6A,0x6A,0x6A,0x66,0x66,0x66,0x66,0x66,0x66,0x66,0x66,0x66,0x66,0x66,0x66,
  0x66,0x66,0x66,0x66,0x66,0x66,0x66,0x66,0x66,0x66,0x66,0x66,0x66,0x66,0x66,0x66,
  0x66,0x66,0x66,0x66,0x6D,0x6D,0x6D,0x6D,0x6D,0x6D,0x6D,0x6D,0x6D,0x6D,0x6D,0x6D,
  0x6D,0x6D,0x6D,0x6D,0x6D,0x6D,0x6D,0x6D,0x6D,0x6D,0x6D,0x6D,0x6D,0x6D,0x6D,0x6D,
  0x6D,0x6D,0x6D,0x6D,0x7F,0xD4,0x19,0xFF,0x1F,0x15,0x6A,0x6A,0x6A,0x6A,0x6A,0x6A,
  0x6A,0x6A,0x6A,0x6A,0x6A,0x6A,0x6A,0x6A,0x6A,0x6A,0x6A,0x6A,0x6A,0x6A,0x6A,0x6A,
  0x6A,0x6A,0x6A,0x6A,0x6A,0x6A,0x6A,0x6A,0x6A,0x6A,0x66,0x66,0x66,0x66,0x66,0x66,
  0x66,0x66,0x66,0x66,0x66,0x66,0x66,0x66,0x66,0x66,0x66,0x66,0x66,0x66,0x66,0x66,
  0x66,0x66,0x66,0x66,0x66,0x66,0x66,0x66,0x66,0x66,0x6C,0x6C,0x6C,0x6C,0x6C,0x6C,
  0x6C,0x6C,0x6C,0x6C,0x6C,0x6C,0x6C,0x6C,0x6C,0x6C,0x6C,0x6C,0x6C,0x6C,0x6C,0x6C,
  0x6C,0x6C,0x6C,0x6C,0x6C,0x6C,0x6D,0x6D,0x6D,0x6D,0x6A,0x6A,0x6A,0x6A,0x6A,0x6A,
  0x6A,0x6A,0x6A,0x6A,0x6A,0x6A,0x6A,0x6A,0x6A,0x6A,0x6A,0x6A,0x6A,0x6A,0x6A,0x6A,
  0x6A,0x6A,0x6A,0x6A,0x6A,0x6A,0x6A,0x6A,0x6A,0x6A,0x66,0x66,0x66,0x66,0x66,0x66,
  0x66,0x66,0x66,0x66,0x66,0x66,0x66,0x66,0x66,0x66,0x66,0x66,0x66,0x66,0x66,0x66,
  0x66,0x66,0x66,0x66,0x66,0x66,0x66,0x66,0x66,0x66,0x6D,0x6D,0x6D,0x6D,0x6D,0x6D,
  0x6D,0x6D,0x6D,0x6D,0x6D,0x6D,0x6D,0x6D,0x6D,0x6D,0x6D,0x6D,0x6D,0x6D,0x6D,0x6D,
  0x6D,0x6D,0x6D,0x6D,0x6D,0x6D,0x6D,0x6D,0x6D,0x6D,0x7F,0x9A,0x1A,0xFF,0xCD,0xB1,
  0x02,0x21,0x67,0x1B,0xC3,0xDE,0x02,0x05,0x80,0x1B,0x18,0x03,0x4A,0x1C,0x0D,0x0E,
  0xA2,0x1C,0x18,0x03,0x0C,0x1D,0x08,0x0A,0x66,0x1D,0x08,0x0A,0xC0,0x1D,0x0D,0x0E,
  0x1F,0x21,0x6A,0x6A,0x71,0x72,0x6D,0x6C,0x71,0x6D,0x6A,0x6A,0x71,0x72,0x6D,0x6C,
  0x71,0x6D,0x60,0x69,0x60,0x70,0x60,0x6D,0x60,0x70,0x60,0x69,0x6F,0x60,0x6C,0x60,
  0x6D,0x60,0x68,0x6C,0x6F,0x6C,0x6C,0x6C,0x6F,0x6C,0x60,0x69,0x60,0x70,0x60,0x6D,
  0x60,0x70,0x6A,0x76,0x6D,0x79,0x69,0x75,0x6A,0x76,0x6A,0x76,0x6A,0x76,0x6A,0x76,
  0x6A,0x76,0x6A,0x6A,0x71,0x72,0x6D,0x6C,0x71,0x6D,0x6A,0x6A,0x71,0x72,0x6D,0x6C,
  0x71,0x6D,0x60,0x69,0x60,0x70,0x60,0x6D,0x60,0x70,0x60,0x69,0x6F,0x60,0x6C,0x60,
  0x6D,0x60,0x68,0x6C,0x6F,0x6C,0x6C,0x6C,0x6F,0x6C,0x60,0x69,0x60,0x70,0x60,0x6D,
  0x60,0x70,0x6A,0x76,0x6D,0x79,0x69,0x75,0x6A,0x76,0x6A,0x76,0x6A,0x76,0x6A,0x76,
  0x6A,0x76,0x1F,0x23,0x6A,0x6A,0x71,0x72,0x6D,0x6C,0x71,0x6D,0x6A,0x6A,0x71,0x72,
  0x6D,0x6C,0x71,0x6D,0x60,0x69,0x60,0x70,0x60,0x6D,0x60,0x70,0x60,0x69,0x6F,0x60,
  0x6C,0x60,0x6D,0x60,0x68,0x6C,0x6F,0x6C,0x6C,0x6C,0x6F,0x6C,0x60,0x69,0x60,0x70,
  0x60,0x6D,0x60,0x70,0x6A,0x76,0x6D,0x79,0x69,0x75,0x6A,0x76,0x6A,0x76,0x6A,0x76,
  0x6A,0x76,0x6A,0x76,0x1F,0x21,0x7F,0x82,0x1B,0xFF,0x1F,0x21,0xDF,0xD6,0x96,0xDF,
  0xD5,0x80,0x95,0x94,0x80,0x94,0x8F,0x94,0x80,0x95,0x8D,0x95,0x80,0x96,0x95,0x96,
  0x80,0x91,0x8D,0x91,0xDF,0xD6,0x96,0xDF,0xD5,0x80,0x95,0x94,0x80,0x94,0x8F,0x94,
  0x80,0x95,0x8D,0x95,0x80,0x96,0x95,0x96,0x80,0x91,0x8D,0x91,0x1F,0x23,0xDF,0xD6,
  0x96,0xDF,0xD8,0x80,0x98,0x99,0x30,0xAC,0x30,0xAF,0x30,0xB4,0x30,0xAD,0x30,0xB0,
  0x30,0xB5,0x30,0xAD,0x30,0xB1,0x30,0xB6,0x80,0x99,0x99,0x99,0x1F,0x21,0x7F,0x4C,
  0x1C,0xFF,0x1F,0x2D,0x80,0x91,0x8D,0x91,0x80,0x91,0x8D,0x91,0x80,0x90,0x8C,0x90,
  0x80,0x90,0x8C,0x90,0x80,0x8F,0x8C,0x8F,0x80,0x90,0x8D,0x90,0x80,0x96,0x95,0x96,
  0x80,0x91,0x8D,0x91,0x80,0x91,0x8D,0x91,0x80,0x91,0x8D,0x91,0x80,0x90,0x8C,0x90,
  0x80,0x90,0x8C,0x90,0x80,0x8F,0x8C,0x8F,0x80,0x90,0x8D,0x90,0x80,0x96,0x95,0x96,
  0x80,0x91,0x8D,0x91,0x1F,0x2F,0x80,0x91,0x8D,0x91,0x80,0x91,0x8D,0x91,0x80,0x90,
  0x8C,0x90,0x80,0x90,0x8C,0x90,0x80,0x8F,0x8C,0x8F,0x80,0x90,0x8D,0x90,0x80,0x96,
  0x95,0x96,0x80,0x91,0x8D,0x91,0x1F,0x2D,0x7F,0xA4,0x1C,0xFF,0x1F,0x21,0x85,0xDF,
  0xA0,0x85,0xDF,0xA0,0x84,0xDF,0xA0,0x84,0xDF,0xA0,0x83,0xDF,0xA0,0x89,0xDF,0xA0,
  0x85,0xC0,0x85,0x85,0x85,0x85,0xDF,0xA0,0x85,0xDF,0xA0,0x84,0xDF,0xA0,0x84,0xDF,
  0xA0,0x83,0xDF,0xA0,0x89,0xDF,0xA0,0x85,0xC0,0x85,0x85,0x85,0x1F,0x23,0x85,0xDF,
  0xA0,0x85,0xDF,0xA0,0x84,0xDF,0xA0,0x84,0xDF,0xA0,0x30,0xA3,0x30,0xA3,0x30,0xA3,
  0x30,0xA4,0x30,0xA4,0x30,0xA4,0x30,0xA5,0x30,0xA5,0x30,0xA5,0x80,0x85,0x85,0x85,
  0x1F,0x21,0x7F,0x0E,0x1D,0xFF,0x1F,0x21,0x8A,0xDF,0xA0,0x8A,0xDF,0xA0,0x89,0xDF,
  0xA0,0x89,0xDF,0xA0,0x88,0xDF,0xA0,0x89,0xDF,0xA0,0x8A,0xC0,0x8A,0x8A,0x8A,0x8A,
  0xDF,0xA0,0x8A,0xDF,0xA0,0x89,0xDF,0xA0,0x89,0xDF,0xA0,0x88,0xDF,0xA0,0x89,0xDF,
  0xA0,0x8A,0xC0,0x8A,0x8A,0x8A,0x1F,0x23,0x8A,0xDF,0xA0,0x8A,0xDF,0xA0,0x89,0xDF,
  0xA0,0x89,0xDF,0xA0,0x30,0xA8,0x30,0xA8,0x30,0xA8,0x30,0xA9,0x30,0xA9,0x30,0xA9,
  0x30,0xAA,0x30,0xAA,0x30,0xAA,0x80,0x8A,0x8A,0x8A,0x1F,0x21,0x7F,0x68,0x1D,0xFF,
  0x1F,0x21,0x80,0xDF,0xD6,0x96,0xDF,0xD5,0x80,0x95,0x94,0x80,0x94,0x8F,0x94,0x80,
  0x95,0x8D,0x95,0x80,0x96,0x95,0x96,0x80,0x91,0x8D,0x91,0xDF,0xD6,0x96,0xDF,0xD5,
  0x80,0x95,0x94,0x80,0x94,0x8F,0x94,0x80,0x95,0x8D,0x95,0x80,0x96,0x95,0x96,0x80,
  0x91,0x8D,0x91,0x1F,0x23,0xDF,0xD6,0x96,0xDF,0xD8,0x80,0x98,0x99,0x30,0xAC,0x30,
  0xAF,0x30,0xB4,0x30,0xAD,0x30,0xB0,0x30,0xB5,0x30,0xAD,0x30,0xB1,0x30,0xB6,0x80,
  0x99,0x99,0x99,0x1F,0x15,0x7F,0xC3,0x1D,0xFF,0xCD,0xB1,0x02,0x21,0x22,0x1E,0xC3,
  0xDE,0x02,0x0A,0x3B,0x1E,0x06,0x05,0xC1,0x1E,0x06,0x05,0x5D,0x1F,0x14,0x0A,0xAA,
  0x1F,0x14,0x0A,0xF1,0x1F,0x07,0x05,0xA7,0x20,0x07,0x05,0x1F,0x2F,0x80,0xB6,0x95,
  0xB4,0x93,0x92,0x70,0x71,0x60,0x70,0x71,0x60,0x70,0x71,0x60,0x64,0x65,0x64,0x85,
  0x89,0x80,0xB6,0x95,0xB4,0x93,0x92,0x70,0x71,0x60,0x70,0x71,0x60,0x70,0x71,0x60,
  0x64,0x65,0x64,0x85,0x8C,0x75,0x76,0x60,0x75,0x76,0x60,0x8D,0x75,0x76,0x60,0x75,
  0x76,0x60,0x8E,0x75,0x76,0x60,0x75,0x76,0x60,0x8F,0x75,0x76,0x60,0x75,0x76,0x60,
  0x90,0x71,0x71,0x91,0x80,0x99,0x71,0x71,0x91,0x80,0x8A,0x78,0x78,0x98,0x80,0x96,
  0x75,0x65,0x66,0x67,0x68,0x69,0x6A,0x6C,0xD6,0x80,0x7C,0x7D,0x60,0x7C,0x7D,0x60,
  0xD5,0x80,0x7C,0x7D,0x60,0x7C,0x7D,0x60,0xD9,0x80,0x72,0x74,0x60,0x72,0x74,0x60,
  0xDF,0x98,0xDF,0x8C,0x98,0x60,0x6F,0x6F,0x6F,0x6C,0x6C,0x69,0x69,0x7F,0x3D,0x1E,
  0xFF,0x1F,0x23,0x80,0xBD,0x9D,0xBD,0x9D,0x98,0x98,0x60,0x98,0x60,0x98,0x60,0x8C,
  0x60,0x8C,0x91,0x80,0xBD,0x9D,0xBD,0x9D,0x98,0x98,0x60,0x98,0x60,0x98,0x60,0x8C,
  0x60,0x8C,0x91,0x59,0x59,0x59,0x59,0x59,0x59,0x59,0x59,0x59,0x59,0x59,0x59,0x59,
  0x59,0x59,0x59,0x5A,0x5A,0x5A,0x5A,0x5A,0x5A,0x5A,0x5A,0x5A,0x5A,0x5A,0x5A,0x5A,
  0x5A,0x5A,0x5A,0x5B,0x5B,0x5B,0x5B,0x5B,0x5B,0x5B,0x5B,0x5B,0x5B,0x5B,0x5B,0x5B,
  0x5B,0x5B,0x5B,0x5C,0x5C,0x5C,0x5C,0x5C,0x5C,0x5C,0x5C,0x5C,0x5C,0x5C,0x5C,0x5C,
  0x5C,0x5C,0x5C,0x75,0x75,0x95,0x80,0x91,0x75,0x75,0x95,0x80,0x91,0x78,0x78,0x98,
  0x80,0x96,0x75,0x71,0x70,0x6D,0x6C,0x6B,0x6A,0x69,0xD1,0x80,0x99,0x60,0x99,0x60,
  0xD1,0x80,0x98,0x60,0x98,0x60,0xD2,0x80,0x99,0x60,0x99,0x60,0xDF,0x98,0xDF,0x8C,
  0x98,0x60,0x78,0x78,0x78,0x75,0x75,0x6F,0x6F,0x7F,0xC3,0x1E,0xFF,0x1F,0x23,0xC0,
  0xDF,0xA0,0x95,0xC0,0xDF,0xA0,0x98,0xC0,0xDF,0xA0,0x95,0xC0,0xDF,0xA0,0x98,0xE0,
  0xE0,0xE0,0xC0,0x60,0x65,0x66,0x67,0x68,0x69,0x6A,0x6C,0x1F,0x23,0x06,0x05,0xD6,
  0x80,0x7C,0x7D,0x60,0x7C,0x7D,0x60,0xD5,0x80,0x7C,0x7D,0x60,0x7C,0x7D,0x60,0xD9,
  0x80,0x72,0x74,0x60,0x72,0x74,0x60,0xDF,0x91,0xDF,0x95,0x95,0x60,0x71,0x70,0x6F,
  0x6E,0x6D,0x6C,0x69,0x14,0x0A,0x7F,0x5F,0x1F,0xFF,0x1F,0x23,0xC0,0xDF,0xA0,0x91,
  0xC0,0xDF,0xA0,0x8F,0xC0,0xDF,0xA0,0x91,0xC0,0xDF,0xA0,0x8F,0xE0,0xE0,0xE0,0xC0,
  0x60,0x71,0x70,0x6D,0x6C,0x6B,0x6A,0x69,0x1F,0x2F,0x06,0x05,0xCD,0x80,0x96,0x60,
  0x96,0x60,0xCC,0x80,0x95,0x60,0x95,0x60,0xCD,0x80,0x96,0x60,0x96,0x60,0xDF,0x95,
  0xDF,0x89,0x95,0x60,0x75,0x75,0x75,0x6F,0x6F,0x6C,0x6C,0x14,0x0A,0x7F,0xAC,0x1F,
  0xFF,0x1F,0x23,0x6A,0x6D,0x71,0x65,0x6A,0x71,0x91,0x6A,0x6D,0x71,0x65,0x6A,0x71,
  0x91,0x69,0x6C,0x71,0x65,0x69,0x71,0x91,0x69,0x6C,0x71,0x65,0x69,0x71,0x91,0x6A,
  0x6D,0x71,0x65,0x6A,0x71,0x91,0x6A,0x6D,0x71,0x65,0x6A,0x71,0x91,0x69,0x6C,0x71,
  0x65,0x69,0x71,0x91,0x69,0x6C,0x71,0x65,0x69,0x71,0x91,0x6A,0x6D,0x71,0x65,0x6A,
  0x6D,0x71,0x65,0x6A,0x6F,0x72,0x63,0x6A,0x6F,0x72,0x63,0x6A,0x72,0x76,0x63,0x6A,
  0x72,0x76,0x63,0x6A,0x72,0x76,0x64,0x6A,0x72,0x76,0x64,0x71,0x71,0x91,0x89,0x85,
  0x71,0x71,0x91,0x8A,0x85,0x71,0x71,0x91,0x80,0x71,0x71,0x65,0x6F,0x6E,0x6D,0x6C,
  0x6B,0x6A,0x69,0x6A,0x60,0x71,0x71,0x60,0x6A,0x6D,0x71,0x6A,0x60,0x71,0x71,0x60,
  0x6A,0x70,0x71,0x69,0x60,0x71,0x71,0x60,0x69,0x71,0x71,0x69,0x60,0x71,0x71,0x60,
  0x69,0x70,0x71,0x66,0x60,0x6D,0x6D,0x60,0x66,0x6A,0x6D,0x66,0x60,0x6D,0x6D,0x60,
  0x66,0x6A,0x6D,0x69,0x60,0x71,0x71,0x60,0x69,0x6C,0x71,0x6F,0x6F,0x6F,0x6F,0x6F,
  0x6F,0x6C,0x6C,0x7F,0xF3,0x1F,0xFF,0x1F,0x17,0xA0,0x60,0x6D,0x8D,0xA0,0x60,0x6D,
  0x8D,0xA0,0x60,0x6C,0x8C,0xA0,0x60,0x6C,0x8C,0xA0,0x60,0x71,0x91,0xA0,0x60,0x71,
  0x91,0xA0,0x60,0x71,0x91,0xA0,0x60,0x71,0x91,0x1F,0x23,0x6A,0x6D,0x71,0x65,0x6A,
  0x6D,0x71,0x65,0x6A,0x6F,0x72,0x63,0x6A,0x6F,0x72,0x63,0x6A,0x72,0x76,0x63,0x6A,
  0x72,0x76,0x63,0x6A,0x72,0x76,0x64,0x6A,0x72,0x76,0x64,0x6C,0x6C,0x8C,0x71,0x6C,
  0x69,0x65,0x6C,0x6C,0x8C,0x71,0x6D,0x6A,0x65,0x69,0x69,0x89,0x80,0x69,0x69,0x1F,
  0x2F,0x65,0x1F,0x23,0x65,0x66,0x67,0x68,0x69,0x6A,0x6C,0x80,0x6D,0x6D,0x80,0x65,
  0x65,0x80,0x6D,0x6D,0x80,0x65,0x65,0x80,0x6C,0x6C,0x80,0x65,0x65,0x80,0x6C,0x6C,
  0x80,0x65,0x65,0x80,0x6A,0x6A,0x80,0x66,0x66,0x80,0x6A,0x6A,0x80,0x66,0x66,0x80,
  0x6C,0x6C,0x80,0x69,0x69,0x1F,0x17,0x60,0x71,0x70,0x6F,0x6E,0x6D,0x6C,0x69,0x7F,
  0xA9,0x20,0xFF,0xCD,0xB1,0x02,0x21,0x4C,0x21,0xC3,0xDE,0x02,0x09,0x65,0x21,0x13,
  0x0E,0x7D,0x21,0x1C,0x0E,0x94,0x21,0x1C,0x0E,0xAB,0x21,0x1C,0x0E,0xB0,0x21,0x1C,
  0x0E,0xB5,0x21,0x1C,0x0E,0x1F,0x32,0x76,0x78,0x79,0x6D,0x74,0x78,0x79,0x6D,0x72,
  0x74,0x76,0x6F,0x74,0x72,0x71,0x6F,0xCC,0x80,0x88,0x8A,0x8C,0xFF,0x1F,0x26,0xDF,
  0x92,0x72,0xDF,0x91,0x71,0x30,0x8F,0x30,0x8F,0x30,0x8F,0x30,0x8C,0x30,0x8C,0x30,
  0x8C,0xC8,0xC0,0xFF,0x1F,0x26,0xDF,0x8F,0x6F,0xDF,0x8D,0x6D,0x30,0x8C,0x30,0x8C,
  0x30,0x8C,0x30,0x88,0x30,0x88,0x30,0x88,0xC3,0xC0,0xFF,0x1F,0x26,0xE0,0xE0,0xFF,
  0x1F,0x26,0xE0,0xE0,0xFF,0x1F,0x26,0xE0,0xE0,0xFF,0xCD,0xB1,0x02,0x21,0xC3,0x21,
  0xC3,0xDE,0x02,0x09,0xDC,0x21,0x1D,0x06,0x57,0x22,0x1D,0x06,0xD6,0x22,0x19,0x06,
  0x55,0x23,0x09,0x04,0xC7,0x23,0x09,0x02,0x36,0x24,0x09,0x02,0x1F,0x2F,0x60,0x71,
  0x71,0x60,0x71,0x71,0x60,0x71,0x60,0x71,0x71,0x60,0x71,0x71,0x60,0x71,0x60,0x72,
  0x60,0x71,0x60,0x72,0x60,0x71,0x60,0x75,0x75,0x75,0x75,0x75,0x75,0x75,0x60,0x71,
  0x71,0x60,0x71,0x71,0x60,0x71,0x60,0x71,0x71,0x60,0x71,0x71,0x60,0x71,0x60,0x72,
  0x60,0x71,0x60,0x72,0x60,0x71,0x60,0x78,0x78,0x78,0x78,0x78,0x78,0x78,0x6D,0x6D,
  0x6D,0x6D,0x6D,0x6D,0x6D,0x6D,0x6E,0x6E,0x6E,0x6E,0x6E,0x6E,0x6E,0x6E,0x6F,0x6F,
  0x6F,0x6F,0x6F,0x6F,0x6F,0x6F,0x70,0x70,0x70,0x70,0x70,0x70,0x70,0x70,0x71,0x71,
  0x91,0xA0,0x71,0x71,0x91,0xA0,0x70,0x70,0x90,0x80,0x8C,0x71,0x71,0x70,0x71,0x72,
  0x73,0x74,0x75,0x7F,0xDE,0x21,0xFF,0x1F,0x2F,0x60,0x6D,0x6D,0x60,0x6D,0x6D,0x60,
  0x6D,0x60,0x6D,0x6D,0x60,0x6D,0x6D,0x60,0x6D,0x60,0x6D,0x60,0x6D,0x60,0x6D,0x60,
  0x6D,0x60,0x71,0x71,0x71,0x71,0x71,0x71,0x71,0x60,0x6D,0x6D,0x60,0x6D,0x6D,0x60,
  0x6D,0x60,0x6D,0x6D,0x60,0x6D,0x6D,0x60,0x6D,0x60,0x6D,0x60,0x6D,0x60,0x6D,0x60,
  0x6D,0x60,0x75,0x75,0x75,0x75,0x75,0x75,0x75,0x1F,0x23,0x76,0x76,0x76,0x76,0x76,
  0x76,0x76,0x76,0x76,0x76,0x76,0x76,0x76,0x76,0x76,0x76,0x76,0x76,0x76,0x76,0x76,
  0x76,0x76,0x76,0x76,0x76,0x76,0x76,0x76,0x76,0x76,0x76,0x78,0x78,0x98,0xA0,0x79,
  0x79,0x99,0xA0,0x76,0x76,0x96,0x80,0x96,0x75,0x71,0x70,0x71,0x72,0x73,0x74,0x75,
  0x1F,0x2F,0x7F,0x59,0x22,0xFF,0x1F,0x23,0x60,0x76,0x76,0x60,0x76,0x76,0x60,0x76,
  0x60,0x76,0x76,0x60,0x76,0x76,0x60,0x76,0x60,0x76,0x60,0x76,0x60,0x76,0x60,0x76,
  0x60,0x78,0x78,0x78,0x78,0x78,0x78,0x78,0x60,0x76,0x76,0x60,0x76,0x76,0x60,0x76,
  0x60,0x76,0x76,0x60,0x76,0x76,0x60,0x76,0x60,0x76,0x60,0x76,0x60,0x76,0x60,0x76,
  0x60,0x7B,0x7B,0x7B,0x7B,0x7B,0x7B,0x7B,0x71,0x71,0x71,0x71,0x71,0x71,0x71,0x71,
  0x71,0x71,0x71,0x71,0x71,0x71,0x71,0x71,0x72,0x72,0x72,0x72,0x72,0x72,0x72,0x72,
  0x72,0x72,0x72,0x72,0x72,0x72,0x72,0x72,0x75,0x75,0x95,0xA0,0x76,0x76,0x96,0xA0,
  0x70,0x70,0x90,0x80,0x90,0x71,0x1F,0x17,0x71,0x70,0x71,0x72,0x73,0x74,0x75,0x1F,
  0x23,0x7F,0xD8,0x22,0xFF,0x1F,0x17,0xDF,0x96,0xDF,0x96,0x95,0xDF,0x94,0xDF,0x93,
  0x92,0x64,0x70,0x65,0x71,0x64,0x70,0x65,0x71,0x65,0x71,0x66,0x72,0x68,0x74,0x69,
  0x75,0xDF,0x96,0xDF,0x96,0x95,0xDF,0x94,0xDF,0x93,0x92,0x64,0x70,0x65,0x71,0x64,
  0x70,0x65,0x71,0x65,0x71,0x69,0x75,0x6C,0x78,0x6F,0x7B,0xDF,0x8D,0xDF,0x8D,0x8D,
  0xDF,0x8E,0xDF,0x8E,0x8E,0xDF,0x8F,0xDF,0x8F,0x8F,0xDF,0x90,0xDF,0x90,0x90,0x65,
  0x71,0x66,0x72,0x68,0x74,0x69,0x75,0x6A,0x76,0x6D,0x79,0x6F,0x7B,0x70,0x7C,0x1F,
  0x0B,0x6C,0x1F,0x17,0x6C,0x64,0x70,0x67,0x73,0x69,0x75,0x78,0x71,0x70,0x6F,0x6E,
  0x6D,0x6C,0x6C,0x7F,0x57,0x23,0xFF,0x1F,0x23,0x40,0xDF,0x96,0xDF,0x96,0x95,0xDF,
  0x94,0xDF,0x93,0x92,0x64,0x70,0x65,0x71,0x64,0x70,0x65,0x71,0x65,0x71,0x66,0x72,
  0x68,0x74,0x69,0x75,0xDF,0x96,0xDF,0x96,0x95,0xDF,0x94,0xDF,0x93,0x92,0x64,0x70,
  0x65,0x71,0x64,0x70,0x65,0x71,0x65,0x71,0x69,0x75,0x6C,0x78,0x6F,0x7B,0xDF,0x8D,
  0xDF,0x8D,0x8D,0xDF,0x8E,0xDF,0x8E,0x8E,0xDF,0x8F,0xDF,0x8F,0x8F,0xDF,0x90,0xDF,
  0x90,0x90,0x65,0x71,0x66,0x72,0x68,0x74,0x69,0x75,0x6A,0x76,0x6D,0x79,0x6F,0x7B,
  0x70,0x7C,0x6C,0x6C,0x64,0x70,0x67,0x73,0x69,0x75,0x78,0x71,0x70,0x6F,0x6E,0x6D,
  0x6C,0x6C,0x7F,0xCA,0x23,0xFF,0x1F,0x23,0x8D,0x60,0x8D,0x6D,0x6D,0x6D,0x8D,0x60,
  0x8D,0x6D,0x6D,0x6D,0x8D,0x60,0x8D,0x6D,0x6D,0x6D,0x8D,0x60,0x8D,0x6D,0x6D,0x6D,
  0x8D,0x60,0x8D,0x6D,0x6D,0x6D,0x8D,0x60,0x8D,0x6D,0x6D,0x6D,0x8D,0x60,0x8D,0x6D,
  0x6D,0x6D,0x8D,0x60,0x8D,0x6D,0x6D,0x6D,0x8D,0x60,0x8D,0x60,0x6D,0x6D,0x8D,0x60,
  0x8D,0x60,0x6D,0x6D,0x8D,0x60,0x8D,0x60,0x6D,0x6D,0x8D,0x60,0x8D,0x60,0x6D,0x6D,
  0x61,0x61,0x61,0x80,0x6D,0x6D,0x6D,0x61,0x61,0x61,0x80,0x6D,0x6D,0x6D,0x61,0x61,
  0x61,0x80,0x6D,0x6D,0x6D,0x6D,0x60,0x6D,0x60,0x6D,0x60,0x6D,0x60,0x7F,0x38,0x24,
  0xFF,0xCD,0xB1,0x02,0x21,0xAA,0x24,0xC3,0xDE,0x02,0x09,0xC3,0x24,0x1D,0x06,0x1C,
  0x25,0x1D,0x06,0x75,0x25,0x1D,0x06,0xC7,0x25,0x08,0x02,0x32,0x26,0x08,0x02,0xB5,
  0x26,0x0D,0x02,0x1F,0x32,0xA0,0xB0,0xD1,0x80,0x90,0xB1,0x80,0x90,0xB1,0xA0,0xB5,
  0xD6,0x80,0x95,0xB6,0x80,0x95,0xB6,0x1F,0x26,0x91,0x90,0x9D,0x9C,0x71,0x70,0x7D,
  0x7C,0x71,0x70,0x7D,0x7C,0x91,0x90,0x9E,0x9D,0x71,0x70,0x7E,0x7D,0x71,0x70,0x7E,
  0x7D,0x75,0x58,0x40,0x71,0x55,0x40,0x6C,0x51,0x40,0x69,0x4C,0x40,0x76,0x59,0x40,
  0x71,0x56,0x40,0x6D,0x51,0x40,0x6A,0x4D,0x40,0x69,0x6C,0x71,0x75,0x6C,0x6F,0x75,
  0x78,0x7D,0x60,0x91,0x93,0x95,0x1F,0x32,0x7F,0xC5,0x24,0xFF,0x1F,0x26,0xDF,0xD6,
  0xB7,0xDF,0xB6,0x97,0xDF,0xB6,0x97,0xDF,0xDB,0xBC,0xDF,0xBB,0x9C,0xDF,0xBB,0x9C,
  0x89,0x8D,0x95,0x99,0x69,0x6D,0x75,0x79,0x69,0x6D,0x75,0x79,0x8A,0x8D,0x96,0x99,
  0x6A,0x6D,0x76,0x79,0x6A,0x6D,0x76,0x79,0x1F,0x1A,0x75,0x58,0x40,0x71,0x55,0x40,
  0x6C,0x51,0x40,0x69,0x4C,0x40,0x76,0x59,0x40,0x71,0x56,0x40,0x6D,0x51,0x40,0x6A,
  0x4D,0x40,0x1F,0x26,0x63,0x69,0x6C,0x6F,0x69,0x6C,0x6F,0x72,0x78,0x60,0x8C,0x8F,
  0x91,0x7F,0x1E,0x25,0xFF,0x1F,0x1A,0xAA,0xB0,0xB1,0xAB,0x8A,0x90,0x91,0x8B,0x8A,
  0x90,0x91,0x8B,0xAF,0xB5,0xB6,0xB0,0x8F,0x95,0x96,0x90,0x8F,0x95,0x96,0x90,0x1F,
  0x26,0xAC,0xB8,0x8C,0x98,0x8C,0x98,0xAC,0xB9,0x8C,0x99,0x8C,0x99,0x60,0x75,0x60,
  0x71,0x60,0x6F,0x60,0x6C,0x60,0x79,0x60,0x76,0x60,0x71,0x60,0x6D,0x1F,0x1A,0x6C,
  0x6F,0x75,0x78,0x6F,0x75,0x78,0x7B,0x1F,0x26,0x74,0x60,0x71,0x71,0x6F,0x6F,0x6C,
  0x6C,0x1F,0x1A,0x7F,0x77,0x25,0xFF,0x1F,0x1A,0x60,0x65,0x60,0x65,0x60,0x65,0x60,
  0x65,0x60,0x65,0x60,0x65,0x60,0x65,0x65,0x65,0x60,0x65,0x60,0x65,0x60,0x65,0x60,
  0x65,0x60,0x65,0x60,0x65,0x60,0x65,0x65,0x65,0x60,0x6F,0x60,0x6F,0x60,0x6F,0x60,
  0x6F,0x60,0x6F,0x60,0x6F,0x60,0x6F,0x6F,0x6F,0x60,0x6F,0x60,0x6F,0x60,0x6F,0x60,
  0x6F,0x60,0x6F,0x60,0x6F,0x60,0x6F,0x6F,0x6F,0xAC,0xB8,0x8C,0x98,0x8C,0x98,0xAC,
  0xB9,0x8C,0x99,0x8C,0x99,0x60,0x75,0x60,0x71,0x60,0x6F,0x60,0x6C,0x60,0x79,0x60,
  0x76,0x60,0x71,0x60,0x6D,0x80,0x91,0x80,0x91,0x71,0x60,0x91,0x8F,0x8C,0x7F,0xC9,
  0x25,0xFF,0x1F,0x1A,0x60,0x6A,0x60,0x6A,0x60,0x6A,0x60,0x6A,0x60,0x6A,0x60,0x6A,
  0x60,0x6A,0x6A,0x6A,0x60,0x6A,0x60,0x6A,0x60,0x6A,0x60,0x6A,0x60,0x6A,0x60,0x6A,
  0x60,0x6A,0x6A,0x6A,0x60,0x6A,0x60,0x6A,0x60,0x6A,0x60,0x6A,0x60,0x6A,0x60,0x6A,
  0x60,0x6A,0x6A,0x6A,0x60,0x6A,0x60,0x6A,0x60,0x6A,0x60,0x6A,0x60,0x6A,0x60,0x6A,
  0x60,0x6A,0x6A,0x6A,0x65,0x65,0x65,0x65,0x65,0x65,0x65,0x65,0x65,0x65,0x65,0x65,
  0x65,0x65,0x65,0x65,0x66,0x66,0x66,0x66,0x66,0x66,0x66,0x66,0x66,0x66,0x66,0x66,
  0x66,0x66,0x66,0x66,0x60,0x71,0x60,0x6C,0x60,0x6C,0x60,0x69,0x60,0x71,0x60,0x6A,
  0x60,0x6A,0x60,0x65,0x80,0x8C,0x80,0x8C,0x6D,0x60,0x95,0x93,0x1F,0x0E,0x98,0x1F,
  0x1A,0x7F,0x34,0x26,0xFF,0x1F,0x26,0x8D,0x80,0x8D,0xDF,0x80,0x6D,0x6D,0x6D,0x6D,
  0x8D,0x80,0x8D,0xDF,0x80,0x6D,0x6D,0x6D,0x6D,0x8D,0x80,0x8D,0xDF,0x80,0x6D,0x6D,
  0x6D,0x6D,0x8D,0x80,0x8D,0xDF,0x80,0x6D,0x6D,0x6D,0x6D,0x6D,0x6D,0x80,0x6D,0x6D,
  0x80,0x6D,0x6D,0x80,0x6D,0x6D,0x80,0x6D,0x6D,0x80,0x6D,0x6D,0x80,0x6D,0x6D,0x80,
  0x6D,0x6D,0x80,0x6D,0x6D,0x80,0x6D,0x6D,0x80,0x6D,0x6D,0x80,0x6D,0x6D,0x80,0x6D,
  0x6D,0x80,0x6D,0x6D,0x80,0x6D,0x60,0x6D,0x6D,0x6D,0x6D,0x6D,0x6D,0x7F,0xB7,0x26,
  0xFF,0xCD,0xB1,0x02,0x21,0x1A,0x27,0xC3,0xDE,0x02,0x08,0x33,0x27,0x0B,0x06,0x69,
  0x27,0x0B,0x06,0x9C,0x27,0x0B,0x06,0xCC,0x27,0x0B,0x03,0xE8,0x27,0x0B,0x03,0x04,
  0x28,0x0B,0x03,0x1F,0x3F,0x57,0x56,0x55,0x54,0x53,0x52,0x51,0x50,0x4F,0x4E,0x4D,
  0x4C,0x4B,0x4A,0x49,0x48,0x1F,0x33,0x57,0x56,0x55,0x54,0x53,0x52,0x51,0x50,0x4F,
  0x4E,0x4D,0x4C,0x4B,0x4A,0x49,0x48,0x1F,0x29,0xDF,0x52,0xDF,0x52,0xDF,0x92,0xDF,
  0x72,0x30,0xB5,0x30,0xB5,0x30,0xB5,0xF9,0xFF,0x1F,0x3F,0x80,0x57,0x56,0x55,0x54,
  0x53,0x52,0x51,0x50,0x4F,0x4E,0x4D,0x4C,0x4B,0x4A,0x49,0x48,0x1F,0x33,0x57,0x56,
  0x55,0x54,0x53,0x52,0x51,0x50,0x4F,0x4E,0x4D,0x4C,0x1F,0x29,0xDF,0x4D,0xDF,0x4D,
  0xDF,0x92,0xDF,0x72,0x30,0xB5,0x30,0xB5,0x30,0xB5,0xF4,0xFF,0x1F,0x3F,0x80,0x80,
  0x57,0x56,0x55,0x54,0x53,0x52,0x51,0x50,0x4F,0x4E,0x4D,0x4C,0x4B,0x4A,0x49,0x48,
  0x1F,0x33,0x57,0x56,0x55,0x54,0x53,0x52,0x51,0x50,0x1F,0x29,0xDF,0x4A,0xDF,0x4A,
  0xDF,0x8A,0xDF,0x6A,0x30,0xAD,0x30,0xAD,0x30,0xAD,0xF1,0xFF,0x1F,0x1B,0x8F,0x8E,
  0x8D,0x8C,0x8B,0x8A,0x89,0x88,0x1F,0x1D,0xDF,0x46,0xDF,0x46,0xDF,0x86,0xDF,0x66,
  0x30,0xA3,0x30,0xA3,0x30,0xA3,0xE1,0xFF,0x1F,0x0F,0x8F,0x8E,0x8D,0x8C,0x8B,0x8A,
  0x89,0x88,0x1F,0x11,0xDF,0x46,0xDF,0x46,0xDF,0x86,0xDF,0x66,0x30,0xA3,0x30,0xA3,
  0x30,0xA3,0xE1,0xFF,0x1F,0x0F,0x90,0x8F,0x8E,0x8D,0x8C,0x8B,0x8A,0x89,0x1F,0x11,
  0xDF,0x41,0xDF,0x41,0xDF,0x81,0xDF,0x61,0x30,0xA6,0x30,0xA6,0x30,0xA6,0x41,0x4D,
  0x41,0x4D,0x41,0x4D,0x41,0x4D,0x41,0x4D,0x41,0x4D,0x41,0x4D,0x41,0x4D,0x41,0x4D,
  0x41,0x4D,0x41,0x4D,0x41,0x4D,0xA1,0xFF,0xCD,0xBA,0x02,0x21,0x41,0x28,0xC3,0xDE,
  0x02,0x07,0x5A,0x28,0x0B,0x06,0x6A,0x28,0x0B,0x06,0x7A,0x28,0x0B,0x06,0x8A,0x28,
  0x0B,0x06,0x9A,0x28,0x0B,0x06,0xAA,0x28,0x1B,0x07,0x1F,0x2E,0x74,0x74,0xB4,0x95,
  0x96,0x95,0x94,0x93,0x94,0x60,0x68,0xDF,0xC8,0xFF,0x1F,0x2E,0x70,0x70,0xB0,0x90,
  0x90,0x90,0x90,0x90,0x8F,0x60,0x63,0xDF,0xC3,0xFF,0x1F,0x22,0x79,0x79,0xB9,0x99,
  0x99,0x99,0x99,0x99,0x98,0x60,0x6C,0xDF,0xCC,0xFF,0x1F,0x16,0x6D,0x6D,0xAD,0x8D,
  0x90,0x91,0x92,0x93,0x94,0x60,0x68,0xDF,0xC8,0xFF,0x1F,0x0A,0x6D,0x6D,0xAD,0x8D,
  0x90,0x91,0x92,0x93,0x94,0x60,0x68,0xDF,0xC8,0xFF,0x1F,0x22,0xDF,0xAD,0x8D,0x8D,
  0x8D,0x8D,0x8D,0xDF,0x8D,0x6D,0x4D,0x4D,0x4D,0x4D,0x4D,0x4D,0x4D,0x4D,0x4D,0x4D,
  0x4D,0x4D,0x4D,0x4D,0x4D,0x4D,0x4D,0x4D,0x4D,0x4D,0x4D,0x4D,0x4D,0x4D,0xFF,0xCD,
  0xB1,0x02,0x21,0xD8,0x28,0xC3,0xDE,0x02,0x03,0xF1,0x28,0x1A,0x02,0x01,0x29,0x1A,
  0x02,0x11,0x29,0x1A,0x02,0x23,0x29,0x1A,0x02,0x35,0x29,0x1A,0x02,0x47,0x29,0x1A,
  0x02,0x1F,0x17,0x9B,0x9A,0x8C,0x98,0x96,0x8A,0x92,0x91,0x90,0x89,0x8E,0x8D,0x87,
  0xFF,0x1F,0x2F,0x92,0x93,0x94,0x8F,0x90,0x91,0x8A,0x8B,0x8C,0x8F,0x90,0x91,0x8D,
  0xFF,0x1F,0x17,0xDF,0x60,0x9B,0x9A,0x8C,0x98,0x96,0x8A,0x92,0x91,0x90,0x89,0x8E,
  0x8D,0x87,0xFF,0x1F,0x2F,0xDF,0x60,0x92,0x93,0x94,0x8F,0x90,0x91,0x8A,0x8B,0x8C,
  0x8F,0x90,0x91,0x8D,0xFF,0x1F,0x17,0xDF,0x80,0x9B,0x9A,0x8C,0x98,0x96,0x8A,0x92,
  0x91,0x90,0x89,0x8E,0x8D,0x87,0xFF,0x1F,0x2F,0xDF,0x80,0x9B,0x9A,0x8C,0x98,0x96,
  0x8A,0x92,0x91,0x90,0x89,0x8E,0x8D,0x87,0xFF,0xCD,0xB1,0x02,0x21,0x62,0x29,0xC3,
  0xDE,0x02,0x07,0x7B,0x29,0x08,0x02,0x66,0x2A,0x08,0x02,0x07,0x2B,0x08,0x02,0x94,
  0x2B,0x08,0x04,0xDA,0x2B,0x08,0x04,0x31,0x2C,0x08,0x03,0x1F,0x0E,0x6C,0x71,0x75,
  0x71,0x75,0x78,0x1F,0x1A,0x69,0x6C,0x71,0x6C,0x71,0x75,0x71,0x75,0x78,0x75,0x78,
  0x7D,0x1F,0x26,0x6C,0x71,0x75,0x71,0x75,0x78,0x69,0x6C,0x71,0x6C,0x71,0x75,0x71,
  0x75,0x78,0x75,0x78,0x7D,0x74,0x68,0x6A,0x6C,0x6A,0x6C,0x1F,0x32,0x6D,0x6C,0x6D,
  0x6F,0x6D,0x6F,0xA0,0x53,0x54,0x53,0x54,0x53,0x54,0x53,0x54,0x80,0x53,0x54,0x53,
  0x54,0x53,0x54,0x53,0x54,0x80,0x53,0x54,0x53,0x54,0x53,0x54,0x53,0x54,0x80,0x57,
  0x58,0x57,0x58,0x57,0x58,0x57,0x58,0x57,0x58,0x57,0x58,0x57,0x58,0x57,0x58,0x57,
  0x58,0x57,0x58,0x57,0x58,0x57,0x58,0x1F,0x35,0x11,0x0A,0x6D,0x6C,0x8D,0x81,0x85,
  0x88,0x85,0x88,0x8D,0x8C,0x8D,0x91,0x8D,0x91,0x74,0x72,0x71,0x6F,0x6D,0x6C,0x6A,
  0x76,0x74,0x72,0x71,0x6F,0x8C,0x8F,0x94,0x98,0x94,0x98,0x11,0x0D,0x99,0x8D,0x30,
  0x58,0x30,0x59,0x30,0x58,0x30,0x59,0x30,0x58,0x30,0x59,0x30,0x58,0x30,0x59,0x30,
  0x58,0x60,0x8D,0x30,0x58,0x30,0x59,0x30,0x58,0x30,0x59,0x30,0x58,0x30,0x59,0x30,
  0x58,0x30,0x59,0x30,0x58,0x60,0x8D,0x30,0x58,0x30,0x59,0x30,0x58,0x30,0x59,0x30,
  0x58,0x30,0x59,0x30,0x58,0x30,0x59,0x30,0x58,0x60,0x8D,0x99,0x11,0x08,0x76,0x74,
  0x72,0x71,0x6F,0x6D,0x6C,0x78,0x76,0x74,0x72,0x71,0x8F,0x30,0x6D,0x30,0x6F,0x30,
  0x6D,0x8C,0x11,0x0C,0xCD,0xFF,0x1F,0x0E,0x6C,0x71,0x75,0x71,0x75,0x78,0x1F,0x1A,
  0x69,0x6C,0x71,0x6C,0x71,0x75,0x6C,0x71,0x75,0x71,0x75,0x78,0x71,0x75,0x78,0x75,
  0x78,0x7D,0x1F,0x26,0x69,0x6C,0x71,0x6C,0x71,0x75,0x6C,0x71,0x75,0x71,0x75,0x78,
  0x7B,0x6F,0x72,0x74,0x72,0x74,0x76,0x74,0x76,0x78,0x76,0x78,0x76,0x74,0x72,0x71,
  0x6F,0x6C,0x74,0x72,0x71,0x6F,0x6C,0x68,0x76,0x74,0x72,0x71,0x6F,0x6C,0x74,0x72,
  0x71,0x6F,0x6C,0x68,0x76,0x74,0x72,0x71,0x6F,0x6C,0xDF,0xB4,0x1F,0x29,0x1C,0x08,
  0xA0,0x79,0x78,0x99,0x8D,0x91,0x94,0x91,0x94,0x99,0x94,0x99,0x13,0x0A,0xAC,0x13,
  0x08,0x8F,0x92,0x8F,0x8C,0x74,0x72,0x71,0x6F,0x6C,0x68,0x6C,0x78,0x76,0x74,0x72,
  0x6F,0x6A,0x68,0x66,0x68,0x6A,0x66,0x6C,0x68,0x6A,0x6C,0x6D,0x6C,0x6D,0x68,0x6D,
  0x71,0x74,0x71,0x6D,0x68,0x71,0x6D,0x68,0x65,0x13,0x0A,0xAF,0x13,0x08,0x92,0x98,
  0x94,0x8C,0x92,0x94,0x88,0xCD,0xFF,0x1F,0x0E,0x69,0x6C,0x71,0x6C,0x71,0x75,0x71,
  0x75,0x78,0x75,0x78,0x7D,0x1F,0x1A,0x71,0x75,0x78,0x75,0x78,0x7D,0x75,0x78,0x7D,
  0x1F,0x26,0x71,0x75,0x78,0x69,0x6C,0x71,0x6C,0x71,0x75,0x6C,0x71,0x75,0x71,0x75,
  0x78,0xDF,0x94,0xDF,0x88,0xDF,0x8A,0xDF,0x8C,0x8D,0x88,0x94,0x8C,0x88,0x94,0x8D,
  0x88,0x94,0x8C,0x88,0x94,0x8F,0x8C,0x94,0xA8,0x80,0x1F,0x29,0x11,0x0A,0xDF,0xA0,
  0xA0,0x79,0x78,0x99,0x8D,0x91,0x94,0x91,0x94,0x8F,0x8C,0x8F,0x92,0x8F,0x92,0x94,
  0x8F,0x94,0x8F,0x8C,0x88,0x13,0x08,0x80,0x66,0x68,0x6A,0x66,0x6C,0x68,0x6A,0x6C,
  0x6D,0x6C,0x6D,0x68,0x6D,0x71,0x74,0x71,0x6D,0x68,0x71,0x6D,0x68,0x65,0x1F,0x35,
  0x13,0x08,0x80,0x76,0x74,0x72,0x71,0x6F,0x6D,0x6C,0x78,0x76,0x74,0x92,0x8D,0x8C,
  0x13,0x0C,0xCD,0xFF,0x1F,0x1A,0xDF,0xA0,0xDF,0xA0,0xDF,0x95,0xDF,0x91,0xDF,0x8F,
  0xDF,0x89,0xDF,0x98,0xDF,0x95,0xDF,0x91,0xDF,0x8C,0x88,0x94,0x88,0x8C,0x94,0x88,
  0x88,0x94,0x88,0x8C,0x94,0x88,0x88,0x94,0x88,0x8C,0x94,0x88,0x88,0x8C,0x8F,0xDF,
  0xAC,0x1F,0x1D,0x1C,0x0A,0xA8,0x80,0xA8,0x80,0xA8,0x80,0xA8,0x80,0xA8,0x80,0xAA,
  0x80,0xAC,0x80,0xAC,0x80,0xC0,0xE0,0xC0,0xE0,0xFF,0x1F,0x1A,0xDF,0xA0,0xDF,0xA0,
  0xDF,0x95,0xDF,0x91,0xDF,0x8F,0xDF,0x89,0x1F,0x0E,0xDF,0x98,0xDF,0x95,0xDF,0x91,
  0xDF,0x8C,0xA5,0x91,0xA5,0x91,0xA5,0x91,0xA5,0x91,0xA8,0x94,0xA8,0x94,0x85,0x88,
  0x8C,0xDF,0xA8,0x1F,0x29,0x1C,0x0A,0xA1,0x80,0xA1,0x80,0xA1,0x80,0xA1,0x80,0xC0,
  0xE0,0x1C,0x08,0x1F,0x1D,0x80,0x81,0x8D,0x80,0x81,0x8D,0x80,0x81,0x8D,0x80,0x81,
  0x8D,0x1C,0x0A,0xA6,0x1C,0x08,0x86,0x88,0x88,0x88,0x86,0x86,0x88,0x1C,0x0C,0xC1,
  0xFF,0x1F,0x1A,0xDF,0xA0,0xDF,0xA0,0x89,0x8C,0x91,0x89,0x8C,0x91,0x8C,0x71,0x75,
  0x71,0x75,0x78,0x1F,0x26,0x78,0x6C,0x6D,0x6F,0x6F,0x6F,0x71,0x6F,0x71,0x72,0x71,
  0x72,0x72,0x71,0x6F,0x6D,0x6C,0x68,0x71,0x6F,0x6D,0x6C,0x68,0x65,0x72,0x71,0x6F,
  0x6D,0x6C,0x68,0x71,0x6F,0x6D,0x6C,0x68,0x65,0x72,0x71,0x6F,0x6D,0x6C,0x68,0xDF,
  0xA3,0x1F,0x11,0x13,0x0A,0xAD,0x80,0xAD,0x80,0xAD,0x80,0xAD,0x80,0xA8,0x80,0xAA,
  0x80,0xAC,0x80,0xAC,0x80,0x13,0x08,0x8D,0x8D,0x80,0x8D,0x8D,0x80,0x8D,0x8D,0x80,
  0x8D,0x8D,0x80,0xE0,0xC0,0xFF,0xCD,0xB1,0x02,0x21,0x9F,0x2C,0xC3,0xDE,0x02,0x0A,
  0xB8,0x2C,0x06,0x06,0x02,0x2D,0x06,0x06,0x4C,0x2D,0x06,0x06,0x72,0x2D,0x06,0x06,
  0x98,0x2D,0x09,0x02,0x5E,0x2E,0x09,0x02,0x1F,0x26,0xD6,0xB5,0x60,0x74,0x73,0x6F,
  0xD2,0xDF,0x91,0xDF,0x94,0x95,0xD6,0xB5,0x60,0x74,0x73,0x6F,0xD2,0xDF,0x91,0xDF,
  0x94,0x98,0xD9,0xDF,0x96,0xDF,0x95,0x96,0xD2,0xD8,0x1F,0x32,0xD1,0xDF,0x8F,0xDF,
  0x8D,0x8F,0xCC,0xD5,0xD6,0xB5,0x60,0x74,0x73,0x6F,0xD2,0xDF,0x91,0xDF,0x94,0x95,
  0xD6,0xB5,0x60,0x74,0x73,0x6F,0xD2,0xDF,0x91,0xDF,0x8C,0x89,0x1F,0x26,0x7F,0xBA,
  0x2C,0xFF,0x1F,0x26,0xD1,0xB1,0x60,0x6C,0x6C,0x6C,0xCD,0xDF,0x8D,0xDF,0x8D,0x8D,
  0xCD,0xAD,0x60,0x6D,0x6D,0x6D,0xCF,0xDF,0x8F,0xDF,0x8F,0x8F,0xD1,0xDF,0x91,0xDF,
  0x91,0x91,0xCF,0xC1,0x1F,0x32,0xC9,0xDF,0x89,0xDF,0x89,0x89,0xC3,0xCF,0xD1,0xB1,
  0x60,0x6C,0x6C,0x6C,0xCD,0xDF,0x8D,0xDF,0x8D,0x8D,0xCD,0xAD,0x60,0x6D,0x6D,0x6D,
  0xCF,0xDF,0x8F,0xDF,0x8F,0x8F,0x1F,0x26,0x7F,0x04,0x2D,0xFF,0x1F,0x26,0xE0,0xE0,
  0xE0,0xE0,0xE0,0xE0,0xE0,0xE0,0xD6,0xB5,0x60,0x74,0x73,0x6F,0xD2,0xDF,0x91,0xDF,
  0x94,0x95,0xD6,0xB5,0x60,0x74,0x73,0x6F,0xD2,0xDF,0x91,0xDF,0x8C,0x89,0x7F,0x4E,
  0x2D,0xFF,0x1F,0x26,0xE0,0xE0,0xE0,0xE0,0xE0,0xE0,0xE0,0xE0,0xD1,0xB1,0x60,0x6C,
  0x6C,0x6C,0xCD,0xDF,0x8D,0xDF,0x8D,0x8D,0xCD,0xAD,0x60,0x6D,0x6D,0x6D,0xCF,0xDF,
  0x8F,0xDF,0x8F,0x8F,0x7F,0x74,0x2D,0xFF,0x1F,0x26,0x6A,0x6A,0x6A,0x6D,0x6A,0x6A,
  0x6A,0x6D,0x6A,0x6A,0x6A,0x6D,0x6A,0x6A,0x6A,0x6D,0x6A,0x6A,0x6A,0x6D,0x6A,0x6A,
  0x6A,0x6D,0x6A,0x6A,0x6A,0x6D,0x6A,0x6A,0x6A,0x6D,0x63,0x63,0x63,0x66,0x63,0x63,
  0x63,0x66,0x63,0x63,0x63,0x66,0x63,0x63,0x63,0x66,0x63,0x63,0x63,0x66,0x63,0x63,
  0x63,0x66,0x63,0x63,0x63,0x66,0x63,0x63,0x63,0x66,0x6A,0x6A,0x6A,0x6D,0x6A,0x6A,
  0x6A,0x6D,0x6A,0x6A,0x6A,0x6D,0x6A,0x6A,0x6A,0x6D,0x63,0x63,0x63,0x66,0x63,0x63,
  0x63,0x66,0x65,0x65,0x65,0x69,0x65,0x65,0x65,0x69,0x65,0x65,0x65,0x69,0x65,0x65,
  0x65,0x69,0x63,0x63,0x63,0x66,0x63,0x63,0x63,0x66,0x63,0x63,0x63,0x66,0x63,0x63,
  0x63,0x66,0x65,0x65,0x65,0x69,0x65,0x65,0x65,0x69,0x6A,0x6A,0x6A,0x6D,0x6A,0x6A,
  0x6A,0x6D,0x6A,0x6A,0x6A,0x6D,0x6A,0x6A,0x6A,0x6D,0x6A,0x6A,0x6A,0x6D,0x6A,0x6A,
  0x6A,0x6D,0x6A,0x6A,0x6A,0x6D,0x6A,0x6A,0x6A,0x6D,0x63,0x63,0x63,0x66,0x63,0x63,
  0x63,0x66,0x63,0x63,0x63,0x66,0x63,0x63,0x63,0x66,0x63,0x63,0x63,0x66,0x63,0x63,
  0x63,0x66,0x63,0x63,0x63,0x66,0x63,0x63,0x63,0x66,0x7F,0x9A,0x2D,0xFF,0x1F,0x1A,
  0x6A,0x6A,0x6A,0x6D,0x6A,0x6A,0x6A,0x6D,0x6A,0x6A,0x6A,0x6D,0x6A,0x6A,0x6A,0x6D,
  0x6A,0x6A,0x6A,0x6D,0x6A,0x6A,0x6A,0x6D,0x6A,0x6A,0x6A,0x6D,0x6A,0x6A,0x6A,0x6D,
  0x63,0x63,0x63,0x66,0x63,0x63,0x63,0x66,0x63,0x63,0x63,0x66,0x63,0x63,0x63,0x66,
  0x63,0x63,0x63,0x66,0x63,0x63,0x63,0x66,0x63,0x63,0x63,0x66,0x63,0x63,0x63,0x66,
  0x6A,0x6A,0x6A,0x6D,0x6A,0x6A,0x6A,0x6D,0x6A,0x6A,0x6A,0x6D,0x6A,0x6A,0x6A,0x6D,
  0x63,0x63,0x63,0x66,0x63,0x63,0x63,0x66,0x65,0x65,0x65,0x69,0x65,0x65,0x65,0x69,
  0x65,0x65,0x65,0x69,0x65,0x65,0x65,0x69,0x63,0x63,0x63,0x66,0x63,0x63,0x63,0x66,
  0x63,0x63,0x63,0x66,0x63,0x63,0x63,0x66,0x65,0x65,0x65,0x69,0x65,0x65,0x65,0x69,
  0x6A,0x6A,0x6A,0x6D,0x6A,0x6A,0x6A,0x6D,0x6A,0x6A,0x6A,0x6D,0x6A,0x6A,0x6A,0x6D,
  0x6A,0x6A,0x6A,0x6D,0x6A,0x6A,0x6A,0x6D,0x6A,0x6A,0x6A,0x6D,0x6A,0x6A,0x6A,0x6D,
  0x63,0x63,0x63,0x66,0x63,0x63,0x63,0x66,0x63,0x63,0x63,0x66,0x63,0x63,0x63,0x66,
  0x63,0x63,0x63,0x66,0x63,0x63,0x63,0x66,0x63,0x63,0x63,0x66,0x63,0x63,0x63,0x66,
  0x7F,0x60,0x2E,0xFF,0xCD,0xB1,0x02,0x21,0x2D,0x2F,0xC3,0xDE,0x02,0x0C,0x46,0x2F,
  0x1D,0x06,0x7E,0x2F,0x1D,0x06,0xB7,0x2F,0x00,0x06,0xC1,0x30,0x00,0x06,0xCB,0x31,
  0x09,0x06,0x29,0x32,0x09,0x06,0x1F,0x2A,0xD6,0xB5,0x60,0x74,0x73,0x6F,0xD2,0xD1,
  0xD8,0xB7,0x60,0x76,0x75,0x71,0xD4,0xB4,0x91,0x95,0x6A,0x96,0x6D,0x99,0x71,0x7D,
  0x6C,0x98,0x6F,0x9B,0x72,0x7E,0x71,0x9D,0x69,0x95,0x65,0x71,0x66,0x92,0x6A,0x96,
  0x64,0x70,0xD1,0xDF,0xB5,0x76,0x78,0xD9,0xBC,0xBD,0x7F,0x48,0x2F,0xFF,0x1F,0x1E,
  0xD6,0xB5,0x60,0x74,0x73,0x6F,0xD2,0xD1,0xD8,0xB7,0x60,0x76,0x75,0x71,0xD4,0xB4,
  0x91,0x95,0x6A,0x96,0x6D,0x99,0x71,0x7D,0x6C,0x98,0x6F,0x9B,0x72,0x7E,0x71,0x9D,
  0x69,0x95,0x65,0x71,0x66,0x92,0x6A,0x96,0x64,0x70,0xD1,0x21,0xB5,0x95,0x76,0x78,
  0xD9,0xBC,0xBD,0x7F,0x80,0x2F,0xFF,0x1F,0x2A,0x51,0x51,0x51,0x51,0x51,0x51,0x52,
  0x52,0x51,0x51,0x51,0x51,0x51,0x51,0x52,0x52,0x51,0x51,0x51,0x51,0x51,0x51,0x52,
  0x52,0x51,0x51,0x51,0x51,0x51,0x51,0x52,0x52,0x51,0x51,0x51,0x51,0x51,0x51,0x52,
  0x52,0x51,0x51,0x51,0x51,0x51,0x51,0x52,0x52,0x51,0x51,0x51,0x51,0x51,0x51,0x52,
  0x52,0x51,0x51,0x51,0x51,0x51,0x51,0x52,0x52,0x54,0x54,0x54,0x54,0x54,0x54,0x55,
  0x55,0x54,0x54,0x54,0x54,0x54,0x54,0x55,0x55,0x54,0x54,0x54,0x54,0x54,0x54,0x55,
  0x55,0x54,0x54,0x54,0x54,0x54,0x54,0x55,0x55,0x54,0x54,0x54,0x54,0x54,0x54,0x55,
  0x55,0x54,0x54,0x54,0x54,0x54,0x54,0x55,0x55,0x54,0x54,0x54,0x54,0x54,0x54,0x55,
  0x55,0x55,0x55,0x58,0x58,0x58,0x58,0x58,0x58,0x56,0x56,0x56,0x56,0x56,0x56,0x59,
  0x59,0x56,0x56,0x56,0x56,0x56,0x56,0x59,0x59,0x58,0x58,0x58,0x58,0x58,0x58,0x5B,
  0x5B,0x58,0x58,0x58,0x58,0x58,0x58,0x5B,0x5B,0x51,0x51,0x51,0x51,0x51,0x51,0x55,
  0x55,0x51,0x51,0x51,0x51,0x51,0x51,0x55,0x55,0x59,0x59,0x59,0x59,0x59,0x59,0x56,
  0x56,0x59,0x59,0x59,0x59,0x59,0x59,0x56,0x56,0x1F,0x1E,0x58,0x58,0x58,0x58,0x58,
  0x58,0x5D,0x5D,0x58,0x58,0x58,0x58,0x58,0x58,0x5D,0x5D,0x58,0x58,0x58,0x58,0x58,
  0x58,0x5D,0x5D,0x58,0x58,0x58,0x58,0x58,0x58,0x5D,0x5D,0x59,0x59,0x59,0x59,0x59,
  0x59,0x5D,0x5D,0x59,0x59,0x59,0x59,0x59,0x59,0x5D,0x5D,0x58,0x58,0x58,0x58,0x58,
  0x58,0x5D,0x5D,0x58,0x58,0x58,0x58,0x58,0x58,0x5D,0x5D,0x1F,0x2A,0x7F,0xB9,0x2F,
  0xFF,0x1F,0x2A,0x4C,0x4C,0x4C,0x4C,0x4C,0x4C,0x4F,0x4F,0x4C,0x4C,0x4C,0x4C,0x4C,
  0x4C,0x4F,0x4F,0x4C,0x4C,0x4C,0x4C,0x4C,0x4C,0x4F,0x4F,0x4C,0x4C,0x4C,0x4C,0x4C,
  0x4C,0x4F,0x4F,0x4C,0x4C,0x4C,0x4C,0x4C,0x4C,0x4F,0x4F,0x4C,0x4C,0x4C,0x4C,0x4C,
  0x4C,0x4F,0x4F,0x4C,0x4C,0x4C,0x4C,0x4C,0x4C,0x4F,0x4F,0x4C,0x4C,0x4C,0x4C,0x4C,
  0x4C,0x4F,0x4F,0x51,0x51,0x51,0x51,0x51,0x51,0x52,0x52,0x51,0x51,0x51,0x51,0x51,
  0x51,0x52,0x52,0x51,0x51,0x51,0x51,0x51,0x51,0x52,0x52,0x51,0x51,0x51,0x51,0x51,
  0x51,0x52,0x52,0x51,0x51,0x51,0x51,0x51,0x51,0x52,0x52,0x51,0x51,0x51,0x51,0x51,
  0x51,0x52,0x52,0x51,0x51,0x51,0x51,0x51,0x51,0x52,0x52,0x51,0x51,0x51,0x51,0x51,
  0x51,0x55,0x55,0x51,0x51,0x51,0x51,0x51,0x51,0x56,0x56,0x51,0x51,0x51,0x51,0x51,
  0x51,0x56,0x56,0x55,0x55,0x55,0x55,0x55,0x55,0x58,0x58,0x55,0x55,0x55,0x55,0x55,
  0x55,0x58,0x58,0x4C,0x4C,0x4C,0x4C,0x4C,0x4C,0x51,0x51,0x4C,0x4C,0x4C,0x4C,0x4C,
  0x4C,0x51,0x51,0x56,0x56,0x56,0x56,0x56,0x56,0x50,0x50,0x56,0x56,0x56,0x56,0x56,
  0x56,0x50,0x50,0x1F,0x1E,0x51,0x51,0x51,0x51,0x51,0x51,0x52,0x52,0x51,0x51,0x51,
  0x51,0x51,0x51,0x52,0x52,0x51,0x51,0x51,0x51,0x51,0x51,0x52,0x52,0x51,0x51,0x51,
  0x51,0x51,0x51,0x52,0x52,0x56,0x56,0x56,0x56,0x56,0x56,0x59,0x59,0x56,0x56,0x56,
  0x56,0x56,0x56,0x59,0x59,0x55,0x55,0x55,0x55,0x55,0x55,0x58,0x58,0x55,0x55,0x55,
  0x55,0x55,0x55,0x58,0x58,0x1F,0x2A,0x7F,0xC3,0x30,0xFF,0x1F,0x1E,0x88,0x60,0x88,
  0x60,0x88,0x60,0x88,0x68,0x68,0x68,0x88,0x88,0x60,0x88,0x60,0x88,0x60,0x88,0x68,
  0x68,0x68,0x88,0x88,0x60,0x88,0x60,0x88,0x60,0x88,0x68,0x68,0x68,0x88,0x88,0x60,
  0x88,0x60,0x88,0x60,0x88,0x68,0x68,0x68,0x88,0x88,0x60,0x88,0x60,0x88,0x60,0x88,
  0x68,0x68,0x68,0x88,0x88,0x60,0x88,0x60,0x88,0x60,0x88,0x68,0x68,0x68,0x88,0x88,
  0x60,0x88,0x60,0x88,0x60,0x88,0x68,0x68,0x68,0x88,0x88,0x60,0x88,0x60,0x88,0x60,
  0x88,0x68,0x68,0x68,0x88,0x7F,0xCD,0x31,0xFF,0x1F,0x1E,0x88,0x60,0x88,0x60,0x88,
  0x60,0x88,0x68,0x68,0x68,0x88,0x88,0x60,0x88,0x60,0x88,0x60,0x88,0x68,0x68,0x68,
  0x88,0x88,0x60,0x88,0x60,0x88,0x60,0x88,0x68,0x68,0x68,0x88,0x88,0x60,0x88,0x60,
  0x88,0x60,0x88,0x68,0x68,0x68,0x88,0x88,0x60,0x88,0x60,0x88,0x60,0x88,0x68,0x68,
  0x68,0x88,0x88,0x60,0x88,0x60,0x88,0x60,0x88,0x68,0x68,0x68,0x88,0x88,0x60,0x88,
  0x60,0x88,0x60,0x88,0x68,0x68,0x68,0x88,0x88,0x60,0x88,0x60,0x88,0x60,0x88,0x68,
  0x68,0x68,0x88,0x7F,0x2B,0x32,0xFF,0xCD,0xCC,0x02,0x21,0x90,0x32,0xC3,0xDE,0x02,
  0x02,0xA9,0x32,0x0C,0x02,0xDF,0x32,0x0C,0x02,0xDF,0x32,0x0C,0x02,0xFB,0x32,0x0C,
  0x02,0x17,0x33,0x0C,0x02,0x33,0x33,0x0C,0x02,0x1F,0x3B,0x30,0x85,0x30,0x91,0x30,
  0x89,0x30,0x95,0x30,0x8C,0x30,0x98,0x30,0x89,0x30,0x95,0x30,0x8C,0x30,0x98,0x30,
  0x91,0x30,0x9D,0xFF,0x1F,0x2F,0x30,0x85,0x30,0x91,0x30,0x89,0x30,0x95,0x30,0x8C,
  0x30,0x98,0x30,0x89,0x30,0x95,0x30,0x8C,0x30,0x98,0x30,0x91,0x30,0x9D,0xFF,0x1F,
  0x3B,0x80,0x30,0x85,0x30,0x91,0x30,0x89,0x30,0x95,0x30,0x8C,0x30,0x98,0x30,0x89,
  0x30,0x95,0x30,0x8C,0x30,0x98,0x30,0x91,0x30,0x9D,0xFF,0x1F,0x2F,0x80,0x30,0x85,
  0x30,0x91,0x30,0x89,0x30,0x95,0x30,0x8C,0x30,0x98,0x30,0x89,0x30,0x95,0x30,0x8C,
  0x30,0x98,0x30,0x91,0x30,0x9D,0xFF,0x1F,0x3B,0xA0,0x30,0x85,0x30,0x91,0x30,0x89,
  0x30,0x95,0x30,0x8C,0x30,0x98,0x30,0x89,0x30,0x95,0x30,0x8C,0x30,0x98,0x30,0x91,
  0x30,0x9D,0xFF,0x1F,0x2F,0xA0,0x30,0x85,0x30,0x91,0x30,0x89,0x30,0x95,0x30,0x8C,
  0x30,0x98,0x30,0x89,0x30,0x95,0x30,0x8C,0x30,0x98,0x30,0x91,0x30,0x9D,0xFF,0xCD,
  0xCC,0x02,0x21,0x58,0x33,0xC3,0xDE,0x02,0x04,0x71,0x33,0x1D,0x02,0x79,0x33,0x00,
  0x02,0x81,0x33,0x0E,0x02,0x8E,0x33,0x1D,0x02,0x98,0x33,0x00,0x02,0xA2,0x33,0x0E,
  0x02,0x1F,0x2B,0x91,0x8D,0x8E,0x8F,0x97,0xFF,0x1F,0x2B,0x81,0x89,0x84,0x8A,0x85,
  0xFF,0x1F,0x37,0x72,0x73,0x72,0x73,0x72,0x73,0x72,0x73,0x72,0x73,0xFF,0x1F,0x2B,
  0xDF,0x60,0x91,0x8D,0x8E,0x8F,0x97,0xFF,0x1F,0x2B,0xDF,0x60,0x81,0x89,0x84,0x8A,
  0x85,0xFF,0x1F,0x37,0xDF,0x60,0x72,0x73,0x72,0x73,0x72,0x73,0x72,0x73,0x72,0x73,
  0xFF,0xCD,0xB1,0x02,0x21,0xBA,0x33,0xC3,0xDE,0x02,0x07,0xD3,0x33,0x05,0x03,0x62,
  0x34,0x12,0x03,0x01,0x35,0x01,0x03,0x8F,0x35,0x00,0x03,0x1D,0x36,0x3F,0x01,0x20,
  0x36,0x3F,0x01,0x1F,0x1F,0x40,0x72,0x75,0x74,0x73,0x72,0x75,0x74,0x73,0x72,0x75,
  0x74,0x73,0x72,0x75,0x74,0x73,0x72,0x75,0x74,0x73,0x72,0x75,0x74,0x73,0x72,0x75,
  0x74,0x73,0x72,0x75,0x74,0x73,0x1F,0x21,0x72,0x75,0x74,0x73,0x72,0x75,0x74,0x73,
  0x72,0x75,0x74,0x73,0x72,0x75,0x74,0x73,0x72,0x75,0x74,0x73,0x72,0x75,0x74,0x73,
  0x72,0x75,0x74,0x73,0x72,0x75,0x74,0x73,0x1F,0x1F,0x72,0x75,0x74,0x73,0x72,0x75,
  0x74,0x73,0x72,0x75,0x74,0x73,0x72,0x75,0x74,0x73,0x72,0x75,0x74,0x73,0x72,0x75,
  0x74,0x73,0x72,0x75,0x74,0x73,0x72,0x75,0x74,0x73,0x1F,0x21,0x72,0x75,0x74,0x73,
  0x72,0x75,0x74,0x73,0x72,0x75,0x74,0x73,0x72,0x75,0x74,0x73,0x72,0x75,0x74,0x73,
  0x72,0x75,0x74,0x73,0x72,0x75,0x74,0x73,0x72,0x75,0x74,0x53,0x1F,0x1F,0x7F,0xD5,
  0x33,0xFF,0x1F,0x1F,0x40,0x6F,0x72,0x71,0x70,0x6F,0x6F,0x72,0x71,0x70,0x6F,0x72,
  0x71,0x70,0x6F,0x6F,0x72,0x71,0x70,0x6F,0x72,0x71,0x70,0x6F,0x6F,0x72,0x71,0x70,
  0x6F,0x72,0x71,0x70,0x6F,0x6F,0x72,0x71,0x70,0x1F,0x21,0x6F,0x72,0x71,0x70,0x6F,
  0x6F,0x72,0x71,0x70,0x6F,0x72,0x71,0x70,0x6F,0x6F,0x72,0x71,0x70,0x6F,0x72,0x71,
  0x70,0x6F,0x6F,0x72,0x71,0x70,0x6F,0x72,0x71,0x70,0x6F,0x6F,0x72,0x71,0x70,0x1F,
  0x1F,0x6F,0x72,0x71,0x70,0x6F,0x6F,0x72,0x71,0x70,0x6F,0x72,0x71,0x70,0x6F,0x6F,
  0x72,0x71,0x70,0x6F,0x72,0x71,0x70,0x6F,0x6F,0x72,0x71,0x70,0x6F,0x72,0x71,0x70,
  0x6F,0x6F,0x72,0x71,0x70,0x1F,0x21,0x6F,0x72,0x71,0x70,0x6F,0x6F,0x72,0x71,0x70,
  0x6F,0x72,0x71,0x70,0x6F,0x6F,0x72,0x71,0x70,0x6F,0x72,0x71,0x70,0x6F,0x6F,0x72,
  0x71,0x70,0x6F,0x72,0x71,0x70,0x6F,0x6F,0x72,0x71,0x40,0x1F,0x1F,0x7F,0x64,0x34,
  0xFF,0x1F,0x13,0x69,0x66,0x67,0x68,0x69,0x66,0x67,0x68,0x69,0x66,0x67,0x68,0x69,
  0x66,0x67,0x68,0x69,0x66,0x67,0x68,0x69,0x66,0x67,0x68,0x69,0x66,0x67,0x68,0x69,
  0x66,0x67,0x68,0x1F,0x15,0x69,0x66,0x67,0x68,0x69,0x66,0x67,0x68,0x69,0x66,0x67,
  0x68,0x69,0x66,0x67,0x68,0x69,0x66,0x67,0x68,0x69,0x66,0x67,0x68,0x69,0x66,0x67,
  0x68,0x69,0x66,0x67,0x68,0x1F,0x13,0x69,0x66,0x67,0x68,0x69,0x66,0x67,0x68,0x69,
  0x66,0x67,0x68,0x69,0x66,0x67,0x68,0x69,0x66,0x67,0x68,0x69,0x66,0x67,0x68,0x69,
  0x66,0x67,0x68,0x69,0x66,0x67,0x68,0x1F,0x15,0x69,0x66,0x67,0x68,0x69,0x66,0x67,
  0x68,0x69,0x66,0x67,0x68,0x69,0x66,0x67,0x68,0x69,0x66,0x67,0x68,0x69,0x66,0x67,
  0x68,0x69,0x66,0x67,0x68,0x69,0x66,0x67,0x68,0x1F,0x13,0x7F,0x03,0x35,0xFF,0x1F,
  0x13,0x66,0x63,0x64,0x65,0x66,0x63,0x64,0x65,0x66,0x63,0x64,0x65,0x66,0x63,0x64,
  0x65,0x66,0x63,0x64,0x65,0x66,0x63,0x64,0x65,0x66,0x63,0x64,0x65,0x66,0x63,0x64,
  0x65,0x1F,0x15,0x66,0x63,0x64,0x65,0x66,0x63,0x64,0x65,0x66,0x63,0x64,0x65,0x66,
  0x63,0x64,0x65,0x66,0x63,0x64,0x65,0x66,0x63,0x64,0x65,0x66,0x63,0x64,0x65,0x66,
  0x63,0x64,0x65,0x1F,0x13,0x66,0x63,0x64,0x65,0x66,0x63,0x64,0x65,0x66,0x63,0x64,
  0x65,0x66,0x63,0x64,0x65,0x66,0x63,0x64,0x65,0x66,0x63,0x64,0x65,0x66,0x63,0x64,
  0x65,0x66,0x63,0x64,0x65,0x1F,0x15,0x66,0x63,0x64,0x65,0x66,0x63,0x64,0x65,0x66,
  0x63,0x64,0x65,0x66,0x63,0x64,0x65,0x66,0x63,0x64,0x65,0x66,0x63,0x64,0x65,0x66,
  0x63,0x64,0x65,0x66,0x63,0x64,0x65,0x1F,0x13,0x7F,0x91,0x35,0xFF,0x1F,0x23,0xFF,
  0x1F,0x23,0xFF,0xCD,0xCC,0x02,0x21,0x2C,0x36,0xC3,0xDE,0x02,0x05,0x45,0x36,0x16,
  0x04,0x4F,0x36,0x16,0x04,0x59,0x36,0x16,0x04,0x63,0x36,0x16,0x04,0x6D,0x36,0x16,
  0x04,0x77,0x36,0x16,0x04,0x1F,0x22,0x30,0x8C,0x30,0x8C,0x30,0x8C,0xB1,0xFF,0x1F,
  0x2E,0x30,0x90,0x30,0x90,0x30,0x90,0xAF,0xFF,0x1F,0x2E,0x30,0x93,0x30,0x93,0x30,
  0x93,0xB1,0xFF,0x1F,0x2E,0x30,0x96,0x30,0x96,0x30,0x96,0xB5,0xFF,0x1F,0x2E,0x30,
  0x99,0x30,0x99,0x30,0x99,0xB8,0xFF,0x1F,0x16,0x30,0x8C,0x30,0x8C,0x30,0x8C,0xB1,
  0xFF,0xCD,0xB1,0x02,0x21,0x8A,0x36,0xC3,0xDE,0x02,0x07,0xA3,0x36,0x04,0x04,0xEF,
  0x36,0x04,0x04,0x34,0x37,0x04,0x04,0x49,0x37,0x04,0x04,0x86,0x37,0x05,0x04,0xC8,
  0x37,0x05,0x04,0x1F,0x25,0x4C,0x4D,0x4C,0x4D,0x4C,0x4D,0x4C,0x4D,0x4C,0x4D,0x4C,
  0x4D,0x4C,0x4D,0x4C,0x4D,0x4C,0x4D,0x4C,0x4D,0x4C,0x4D,0x4C,0x4D,0x4C,0x4D,0x4C,
  0x4D,0x4C,0x4D,0x4C,0x4D,0x4C,0x4D,0x4C,0x4D,0x4C,0x4D,0x4C,0x4D,0x4C,0x4D,0x4C,
  0x4D,0x4C,0x4D,0x4C,0x4D,0x4C,0x4D,0x4C,0x4D,0x4C,0x4D,0x4C,0x4D,0x4C,0x4D,0x4C,
  0x4D,0x4C,0x4D,0x4C,0x4D,0xD8,0xBB,0x30,0x9B,0x30,0x9B,0x30,0x9B,0xFE,0xFF,0x1F,
  0x25,0xA0,0x4C,0x4D,0x4C,0x4D,0x4C,0x4D,0x4C,0x4D,0x4C,0x4D,0x4C,0x4D,0x4C,0x4D,
  0x4C,0x4D,0x4C,0x4D,0x4C,0x4D,0x4C,0x4D,0x4C,0x4D,0x4C,0x4D,0x4C,0x4D,0x4C,0x4D,
  0x4C,0x4D,0x4C,0x4D,0x4C,0x4D,0x4C,0x4D,0x4C,0x4D,0x4C,0x4D,0x4C,0x4D,0x4C,0x4D,
  0x4C,0x4D,0x4C,0x4D,0x4C,0x4D,0x4C,0x4D,0x4C,0x4D,0xD5,0xB5,0x30,0x95,0x30,0x95,
  0x30,0x95,0xF8,0xFF,0x1F,0x25,0xE0,0x96,0x9C,0x9D,0x97,0x96,0x9C,0x9D,0x97,0xD2,
  0xB2,0x30,0x92,0x30,0x92,0x30,0x92,0xF5,0xFF,0x1F,0x19,0xC0,0x4C,0x4D,0x4C,0x4D,
  0x4C,0x4D,0x4C,0x4D,0x4C,0x4D,0x4C,0x4D,0x4C,0x4D,0x4C,0x4D,0x4C,0x4D,0x4C,0x4D,
  0x4C,0x4D,0x4C,0x4D,0x4C,0x4D,0x4C,0x4D,0x4C,0x4D,0x4C,0x4D,0x4C,0x4D,0x4C,0x4D,
  0x4C,0x4D,0x4C,0x4D,0x4C,0x4D,0x4C,0x4D,0x4C,0x4D,0x4C,0x4D,0xCF,0xAF,0x30,0x9F,
  0x30,0x9F,0x30,0x9F,0xEF,0xFF,0x1F,0x19,0xDF,0xC0,0x4C,0x4D,0x4C,0x4D,0x4C,0x4D,
  0x4C,0x4D,0x1F,0x0D,0x96,0x9C,0x9D,0x97,0x96,0x9C,0x9D,0x97,0x1F,0x19,0x4C,0x4D,
  0x4C,0x4D,0x4C,0x4D,0x4C,0x4D,0x4C,0x4D,0x4C,0x4D,0x4C,0x4D,0x4C,0x4D,0x4C,0x4D,
  0x4C,0x4D,0x4C,0x4D,0x4C,0x4D,0x4C,0x4D,0x4C,0x4D,0x4C,0x4D,0x4C,0x4D,0x4C,0x4D,
  0x4C,0x4D,0x4C,0x4D,0x4C,0x4D,0xCC,0xFF,0x1F,0x19,0x4C,0x4D,0x4C,0x4D,0x4C,0x4D,
  0x4C,0x4D,0x4C,0x4D,0x4C,0x4D,0x4C,0x4D,0x4C,0x4D,0x4C,0x4D,0x4C,0x4D,0x4C,0x4D,
  0x4C,0x4D,0x4C,0x4D,0x4C,0x4D,0x4C,0x4D,0x4C,0x4D,0x96,0x9C,0x9D,0x97,0x96,0x9C,
  0x9D,0x97,0x4C,0x4D,0x4C,0x4D,0x4C,0x4D,0x4C,0x4D,0x4C,0x4D,0x4C,0x4D,0x4C,0x4D,
  0x4C,0x4D,0x4C,0x4D,0x4C,0x4D,0x4C,0x4D,0x4C,0x4D,0x4C,0x4D,0x4C,0x4D,0x4C,0x4D,
  0x4C,0x4D,0x4C,0x4D,0x4C,0x4D,0x4C,0x4D,0x4C,0x4D,0xC9,0xFF,0xCD,0xB1,0x02,0x21,
  0x25,0x38,0xC3,0xDE,0x02,0x06,0x3E,0x38,0x08,0x06,0x4D,0x38,0x08,0x06,0x5C,0x38,
  0x08,0x06,0x6B,0x38,0x08,0x06,0x7F,0x38,0x08,0x06,0x9F,0x38,0x3F,0x02,0x1F,0x2D,
  0x30,0x91,0x30,0x91,0x30,0x91,0xB1,0x80,0x8F,0x92,0x93,0xF4,0xFF,0x1F,0x21,0x30,
  0x99,0x30,0x99,0x30,0x99,0xB9,0x80,0x98,0x99,0x9B,0xFB,0xFF,0x1F,0x21,0x30,0x94,
  0x30,0x94,0x30,0x94,0xB4,0x80,0x94,0x96,0x97,0xF8,0xFF,0x1F,0x15,0x30,0x99,0x30,
  0x80,0x30,0x94,0x30,0x99,0x30,0x99,0x30,0x99,0x93,0x8F,0x8D,0x87,0xE3,0xFF,0x1F,
  0x09,0x30,0x8D,0x30,0x80,0x30,0x8D,0xAD,0x80,0x8D,0x8D,0x8D,0x48,0x4D,0x48,0x4D,
  0x48,0x4D,0x48,0x4D,0x48,0x4D,0x48,0x4D,0x48,0x4D,0x48,0x4D,0xDF,0xA0,0xFF,0x1F,
  0x21,0x30,0x99,0x30,0x80,0x30,0x94,0x30,0x99,0x30,0x99,0x30,0x99,0x93,0x8F,0x8D,
  0x87,0xE3,0xFF,0xCD,0xB1,0x02,0x21,0xBC,0x38,0xC3,0xDE,0x02,0x08,0xD5,0x38,0x08,
  0x02,0xF2,0x38,0x08,0x02,0x03,0x39,0x08,0x05,0x14,0x39,0x0D,0x05,0x25,0x39,0x0D,
  0x05,0x36,0x39,0x08,0x02,0x1F,0x16,0x68,0x6D,0x70,0x6D,0x70,0x74,0x70,0x74,0x79,
  0x74,0x79,0x7C,0x1F,0x2E,0x61,0x64,0x68,0x64,0x68,0x6D,0x68,0x6D,0x70,0x6D,0x70,
  0x72,0xFF,0x1F,0x22,0xDF,0xC0,0x68,0x6D,0x70,0x6D,0x70,0x72,0x70,0x72,0x79,0x79,
  0x79,0x7B,0xFF,0x1F,0x22,0xDF,0xA1,0xDF,0x81,0xDF,0x88,0xDF,0x84,0xDF,0x8D,0xDF,
  0x88,0xDF,0x8F,0xFF,0x1F,0x16,0xDF,0xAD,0xDF,0x88,0xDF,0x90,0xDF,0x81,0xDF,0x81,
  0xDF,0x88,0xDF,0x8C,0xFF,0x1F,0x16,0xDF,0xA0,0xDF,0x80,0xDF,0x81,0xDF,0x80,0xDF,
  0x84,0xDF,0x80,0xDF,0x88,0xFF,0x1F,0x16,0xDF,0xA0,0x68,0x6D,0x70,0x6D,0x70,0x74,
  0x70,0x74,0x79,0x74,0x79,0x7C,0x1F,0x2E,0x61,0x64,0x68,0x64,0x68,0x6C,0xFF,0xFF,
  0xFF,0xFF,0xFF,0xFF,0xFF,0xFF,0xFF,0xFF,0xFF,0xFF,0xFF,0xFF,0xFF,0xFF,0xFF,0xFF,
  0xFF,0xFF,0xFF,0xFF,0xFF,0xFF,0xFF,0xFF,0xFF,0xFF,0xFF,0xFF,0xFF,0xFF,0xFF,0xFF,
  0xFF,0xFF,0xFF,0xFF,0xFF,0xFF,0xFF,0xFF,0xFF,0xFF,0xFF,0xFF,0xFF,0xFF,0xFF,0xFF,
  0xFF,0xFF,0xFF,0xFF,0xFF,0xFF,0xFF,0xFF,0xFF,0xFF,0xFF,0xFF,0xFF,0xFF,0xFF,0xFF,
  0xFF,0xFF,0xFF,0xFF,0xFF,0xFF,0xFF,0xFF,0xFF,0xFF,0xFF,0xFF,0xFF,0xFF,0xFF,0xFF,
  0xFF,0xFF,0xFF,0xFF,0xFF,0xFF,0xFF,0xFF,0xFF,0xFF,0xFF,0xFF,0xFF,0xFF,0xFF,0xFF,
  0xFF,0xFF,0xFF,0xFF,0xFF,0xFF,0xFF,0xFF,0xFF,0xFF,0xFF,0xFF,0xFF,0xFF,0xFF,0xFF,
  0xFF,0xFF,0xFF,0xFF,0xFF,0xFF,0xFF,0xFF,0xFF,0xFF,0xFF,0xFF,0xFF,0xFF,0xFF,0xFF,
  0xFF,0xFF,0xFF,0xFF,0xFF,0xFF,0xFF,0xFF,0xFF,0xFF,0xFF,0xFF,0xFF,0xFF,0xFF,0xFF,
  0xFF,0xFF,0xFF,0xFF,0xFF,0xFF,0xFF,0xFF,0xFF,0xFF,0xFF,0xFF,0xFF,0xFF,0xFF,0xFF,
  0xFF,0xFF,0xFF,0xFF,0xFF,0xFF,0xFF,0xFF,0xFF,0xFF,0xFF,0xFF,0xFF,0xFF,0xFF,0xFF,
  0xCD,0xBA,0x02,0x21,0x09,0x3A,0xC3,0xDE,0x02,0x0B,0x22,0x3A,0x0A,0x01,0x52,0x3A,
  0x0A,0x01,0x52,0x3A,0x0A,0x01,0x6B,0x3A,0x0A,0x01,0x89,0x3A,0x0A,0x01,0xA5,0x3A,
  0x0A,0x01,0x1F,0x0B,0x45,0x44,0x45,0x44,0x45,0x44,0x45,0x44,0x45,0x44,0x45,0x44,
  0x45,0x44,0x45,0x44,0x45,0x44,0x45,0x44,0xFF,0x1F,0x0E,0xDF,0x40,0x46,0x45,0x46,
  0x45,0x46,0x45,0x46,0x45,0x46,0x45,0x46,0x45,0x46,0x45,0x46,0x45,0x46,0x45,0x46,
  0x45,0xFF,0x1F,0x0F,0xDF,0x60,0x47,0x46,0x47,0x46,0x47,0x46,0x47,0x46,0x47,0x46,
  0x47,0x46,0x47,0x46,0x47,0x46,0x47,0x46,0x47,0x46,0xFF,0x1F,0x0B,0xDF,0x40,0x52,
  0x51,0x52,0x51,0x52,0x51,0x52,0x51,0x52,0x51,0x52,0x51,0x52,0x51,0x52,0x51,0x52,
  0x51,0x52,0x51,0x52,0x51,0x52,0x51,0x52,0xFF,0x1F,0x0B,0x4A,0x45,0x5A,0x45,0x4A,
  0x45,0x4A,0x55,0x4A,0x45,0x4A,0x45,0x5A,0x45,0x4A,0x45,0x4A,0x55,0x4A,0x45,0x4A,
  0x45,0x5A,0x45,0x4A,0xFF,0x1F,0x17,0xDF,0x40,0x4C,0x4B,0x4C,0x4B,0x4C,0x4B,0x4C,
  0x4B,0x4C,0x4B,0x4C,0x4B,0x4C,0x4B,0x4C,0x4B,0x4C,0x4B,0x4C,0x4B,0x4C,0x4B,0x4C,
  0x4B,0x4C,0xFF,0xCD,0xB1,0x02,0x21,0xCC,0x3A,0xC3,0xDE,0x02,0x0D,0xE5,0x3A,0x1F,
  0x01,0xED,0x3A,0x1F,0x01,0xF5,0x3A,0x1F,0x01,0xFD,0x3A,0x1F,0x01,0x05,0x3B,0x1F,
  0x01,0x0D,0x3B,0x1F,0x01,0x1F,0x0B,0xDF,0x61,0x41,0x41,0x81,0xFF,0x1F,0x0B,0xDF,
  0x66,0x46,0x46,0x86,0xFF,0x1F,0x0B,0xDF,0x67,0x47,0x47,0x87,0xFF,0x1F,0x0B,0xDF,
  0x72,0x52,0x52,0x92,0xFF,0x1F,0x0B,0xDF,0x6C,0x4C,0x4C,0x8C,0xFF,0x1F,0x0B,0xDF,
  0x62,0x42,0x42,0x82,0xFF,0xCD,0xB1,0x02,0x21,0x1E,0x3B,0xC3,0xDE,0x02,0x01,0x37,
  0x3B,0x1F,0x01,0x3F,0x3B,0x1F,0x01,0x3F,0x3B,0x1F,0x01,0x43,0x3B,0x1F,0x01,0x47,
  0x3B,0x1F,0x01,0x4B,0x3B,0x1F,0x01,0x1F,0x0B,0x85,0xFF,0x1F,0x0B,0x86,0xFF,0x1F,
  0x0B,0x87,0xFF,0x1F,0x0B,0x92,0xFF,0x1F,0x0B,0x8A,0xFF,0x1F,0x0B,0x8C,0xFF,0xCD,
  0xB1,0x02,0x21,0x58,0x3B,0xC3,0xDE,0x02,0x03,0x71,0x3B,0x0C,0x06,0x8C,0x3B,0x0C,
  0x06,0xA7,0x3B,0x0C,0x06,0xC4,0x3B,0x0C,0x06,0xE1,0x3B,0x0C,0x06,0xFE,0x3B,0x0C,
  0x06,0x1F,0x31,0x94,0x92,0x94,0x91,0x94,0x8F,0x94,0x8D,0x94,0x92,0x94,0x91,0x94,
  0x8F,0x94,0x8D,0x94,0x92,0x94,0x8F,0x92,0x8C,0x8F,0xCD,0xFF,0x1F,0x3D,0x94,0x92,
  0x94,0x91,0x94,0x8F,0x94,0x8D,0x94,0x92,0x94,0x91,0x94,0x8F,0x94,0x8D,0x94,0x92,
  0x94,0x8F,0x92,0x8C,0x8F,0xCD,0xFF,0x1F,0x31,0xDF,0x80,0x94,0x92,0x94,0x91,0x94,
  0x8F,0x94,0x8D,0x94,0x92,0x94,0x91,0x94,0x8F,0x94,0x8D,0x94,0x92,0x94,0x8F,0x92,
  0x8C,0x8F,0xCD,0xFF,0x1F,0x3D,0xFD,0x80,0x94,0x92,0x94,0x91,0x94,0x8F,0x94,0x8D,
  0x94,0x92,0x94,0x91,0x94,0x8F,0x94,0x8D,0x94,0x92,0x94,0x8F,0x92,0x8C,0x8F,0xCD,
  0xFF,0x1F,0x31,0xDF,0xA0,0x94,0x92,0x94,0x91,0x94,0x8F,0x94,0x8D,0x94,0x92,0x94,
  0x91,0x94,0x8F,0x94,0x8D,0x94,0x92,0x94,0x8F,0x92,0x8C,0x8F,0xCD,0xFF,0x1F,0x3D,
  0xDF,0xA0,0x94,0x92,0x94,0x91,0x94,0x8F,0x94,0x8D,0x94,0x92,0x94,0x91,0x94,0x8F,
  0x94,0x8D,0x94,0x92,0x94,0x8F,0x92,0x8C,0x8F,0xCD,0xFF,0xCD,0xB1,0x02,0x21,0x24,
  0x3C,0xC3,0xDE,0x02,0x03,0x3D,0x3C,0x1E,0x00,0x3F,0x3C,0x1E,0x00,0x3F,0x3C,0x1E,
  0x00,0x40,0x3C,0x1E,0x00,0x41,0x3C,0x1E,0x00,0x42,0x3C,0x1E,0x00,0xFF,0xFF,0xFF,
  0xFF,0xFF,0xFF,0xCD,0xB1,0x02,0x21,0x4C,0x3C,0xC3,0xDE,0x02,0x07,0x65,0x3C,0x0B,
  0x05,0x9F,0x3C,0x0B,0x05,0x9F,0x3C,0x0B,0x05,0xBE,0x3C,0x0B,0x05,0xCF,0x3C,0x0B,
  0x05,0xDE,0x3C,0x0D,0x05,0x1F,0x2B,0x68,0x6D,0xD1,0x8D,0x91,0x94,0xDF,0x8F,0x60,
  0xA9,0x63,0x66,0x69,0x6C,0x66,0x69,0x6C,0x6F,0x6C,0x6F,0x72,0x75,0x6F,0x72,0x75,
  0x78,0xFF,0x1F,0x1F,0x71,0x74,0xD9,0x94,0x99,0x9D,0xDF,0x95,0x60,0xB2,0x78,0x75,
  0x72,0x6F,0x75,0x72,0x6F,0x6C,0x72,0x7F,0x7C,0x69,0x7F,0x7C,0x69,0x66,0xFF,0x1F,
  0x1F,0x6D,0x71,0xD4,0x91,0x94,0x98,0xDF,0x92,0x60,0xAF,0x6C,0x6F,0x72,0x75,0x72,
  0x75,0x78,0x7B,0x75,0x78,0x7B,0x7E,0x1F,0x2B,0x6C,0x6F,0x72,0x75,0xFF,0x1F,0x13,
  0x81,0x60,0x61,0xC1,0x85,0x85,0x88,0xAC,0xAC,0xA8,0xA3,0x1F,0x07,0xAC,0xFF,0x1F,
  0x07,0x81,0x60,0x61,0xC1,0x85,0x85,0x88,0xAC,0xAC,0xA8,0xA3,0xAC,0xFF,0x1F,0x1F,
  0xE0,0xC0,0x75,0x6F,0x6C,0x69,0x6F,0x6C,0x69,0x63,0x1F,0x13,0x78,0x75,0x72,0x6F,
  0x75,0x71,0x6F,0x6C,0xFF,0xCD,0xB1,0x02,0x21,0xFE,0x3C,0xC3,0xDE,0x02,0x03,0x17,
  0x3D,0x16,0x03,0x23,0x3D,0x16,0x03,0x30,0x3D,0x16,0x03,0x3D,0x3D,0x16,0x03,0x4A,
  0x3D,0x16,0x03,0x57,0x3D,0x16,0x03,0x1F,0x2F,0x9F,0xDF,0xAE,0x94,0xDF,0xB2,0x98,
  0xBF,0x14,0xFF,0x1F,0x23,0xA0,0x9F,0xDF,0xAE,0x94,0xDF,0xB2,0x98,0xBF,0x14,0xFF,
  0x1F,0x23,0x80,0x9F,0xDF,0xAE,0x94,0xDF,0xB2,0x98,0xBF,0x14,0xFF,0x1F,0x17,0xC0,
  0x9F,0xDF,0xAE,0x94,0xDF,0xB2,0x98,0xBF,0x14,0xFF,0x1F,0x17,0x40,0x9F,0xDF,0xB8,
  0x92,0xDF,0xB4,0x8E,0xBF,0x14,0xFF,0x1F,0x0B,0x9F,0xDF,0xAE,0x94,0xDF,0xB2,0x98,
  0xBF,0x14,0xFF,0x00,0x05,0x21,0xA5,0x20,0x40,0x55,0x20,0x60,0x2D,0x20,0x8D,0x00,
  0xAD,0x00,0xCD,0x00,0x00,0x05,0x2F,0xFF,0x20,0x4F,0xFF,0x20,0x6F,0xFF,0x20,0x8D,
  0x00,0xAD,0x00,0xCD,0x00,0x00,0x05,0x2F,0xFF,0x20,0x4F,0xFF,0x20,0x6F,0xFF,0x20,
  0x8C,0x00,0xAC,0x00,0xCC,0x00,0x00,0x05,0x2F,0xFF,0x10,0x4F,0xFF,0x10,0x6F,0xFF,
  0x10,0x8C,0x00,0xAC,0x00,0xCC,0x00,0x00,0x03,0x22,0xCF,0xE0,0x40,0x71,0xF8,0x60,
  0x87,0xF8,0x8D,0x00,0xAD,0x00,0xCD,0x00,0x00,0x05,0x2F,0xFF,0xE0,0x4F,0xFF,0xE8,
  0x6F,0xFF,0xE8,0x8C,0x00,0xAC,0x00,0xCC,0x00,0x00,0x05,0x2F,0xFF,0xE0,0x4F,0xFF,
  0xE8,0x6F,0xFF,0xE8,0x8C,0x00,0xAC,0x00,0xCC,0x00,0x00,0x05,0x2F,0xFF,0xE0,0x4F,
  0xFF,0xE8,0x6F,0xFF,0xE8,0x8B,0x00,0xAB,0x00,0xCB,0x00,0x00,0x03,0x22,0x38,0xC0,
  0x40,0x5F,0xC0,0x60,0x7F,0xC0,0x8B,0x00,0xAB,0x00,0xCB,0x00,0x00,0x03,0x2F,0xFF,
  0xB0,0x4F,0xFF,0xC0,0x6F,0xFF,0xC0,0x8A,0x00,0xAA,0x00,0xCA,0x00,0x00,0x03,0x2F,
  0xFF,0xB0,0x4F,0xFF,0xC0,0x6F,0xFF,0xC0,0x89,0x00,0xA9,0x00,0xC9,0x00,0x00,0x08,
  0x2F,0xFF,0x90,0x4F,0xFF,0xC0,0x6F,0xFF,0xC0,0x88,0x00,0xA8,0x00,0xC8,0x00,0x1C,
  0x04,0x00,0x10,0x20,0x5A,0x00,0x40,0x7F,0x00,0x60,0x6B,0x00,0x8D,0x00,0xAD,0x00,
  0xCD,0x00,0x00,0x02,0x20,0x00,0x00,0x40,0x00,0x00,0x60,0x00,0x00,0x80,0x00,0xA0,
  0x00,0xC0,0x00,0x00,0x10,0x20,0x55,0x00,0x40,0x78,0x00,0x60,0x65,0x00,0x8D,0x00,
  0xAD,0x00,0xCD,0x00,0x00,0x02,0x20,0x00,0x00,0x40,0x00,0x00,0x60,0x00,0x00,0x80,
  0x00,0xA0,0x00,0xC0,0x00,0x00,0x10,0x20,0x50,0x00,0x40,0x71,0x00,0x60,0x5F,0x00,
  0x8D,0x00,0xAD,0x00,0xCD,0x00,0x00,0x02,0x20,0x00,0x00,0x40,0x00,0x00,0x60,0x00,
  0x00,0x80,0x00,0xA0,0x00,0xC0,0x00,0x08,0x03,0x1C,0x00,0x03,0x20,0xB0,0xFC,0x40,
  0x00,0x00,0x60,0x00,0x00,0x81,0x00,0xA0,0x00,0xC0,0x00,0x00,0x03,0x20,0xB0,0x04,
  0x82,0x00,0x00,0x03,0x20,0xB0,0xFB,0x83,0x00,0x00,0x03,0x20,0xA0,0xFB,0x40,0x50,
  0xFB,0x84,0x00,0xA1,0x00,0x00,0x03,0x2F,0xFF,0x04,0x40,0x50,0x04,0x85,0x00,0xA3,
  0x00,0x00,0x03,0x2F,0xFF,0xFB,0x40,0x50,0xFB,0x86,0x00,0xA3,0x00,0x00,0x03,0x2F,
  0xFF,0xFB,0x4F,0xFF,0xFB,0x60,0x28,0xFB,0x87,0x00,0xA4,0x00,0xC1,0x00,0x00,0x03,
  0x2F,0xFF,0x04,0x4F,0xFF,0x04,0x60,0x28,0x04,0x87,0x00,0xA5,0x00,0xC3,0x00,0x00,
  0x03,0x2F,0xFF,0xFB,0x4F,0xFF,0xFB,0x60,0x28,0xFC,0x87,0x00,0xA4,0x00,0xC1,0x00,
  0x00,0x0D,0x2F,0xFF,0xF9,0x4F,0xFF,0xF9,0x6F,0xFF,0xF9,0x88,0x00,0xA6,0x00,0xC4,
  0x00,0x00,0x0D,0x2F,0xFF,0x08,0x4F,0xFF,0x08,0x6F,0xFF,0x08,0x89,0x00,0xA7,0x00,
  0xC5,0x00,0x00,0x0D,0x2F,0xFF,0xF9,0x4F,0xFF,0xF9,0x6F,0xFF,0xF9,0x8A,0x00,0xA8,
  0x00,0xC6,0x00,0x00,0x0D,0x2F,0xFF,0x09,0x4F,0xFF,0x09,0x6F,0xFF,0x09,0x8A,0x00,
  0xA8,0x00,0xC6,0x00,0x00,0x0D,0x2F,0xFF,0xF9,0x4F,0xFF,0xF9,0x6F,0xFF,0xF9,0x8A,
  0x00,0xA8,0x00,0xC6,0x00,0x00,0x0D,0x2F,0xFF,0x0B,0x4F,0xFF,0x0B,0x6F,0xFF,0x0B,
  0x8B,0x00,0xA9,0x00,0xC8,0x00,0x00,0x0D,0x2F,0xFF,0xFA,0x4F,0xFF,0xFA,0x6F,0xFF,
  0xFA,0x8B,0x00,0xA9,0x00,0xC8,0x00,0x00,0x0D,0x2F,0xFF,0x0D,0x4F,0xFF,0x0D,0x6F,
  0xFF,0x0D,0x8B,0x00,0xA9,0x00,0xC6,0x00,0x00,0x0D,0x2F,0xFF,0xF8,0x4F,0xFF,0xF8,
  0x6F,0xFF,0xF8,0x8C,0x00,0xAA,0x00,0xC8,0x00,0x00,0x0D,0x2F,0xFF,0x11,0x4F,0xFF,
  0x11,0x6F,0xFF,0x11,0x8C,0x00,0xAA,0x00,0xC8,0x00,0x00,0x0D,0x2F,0xFF,0xF9,0x4F,
  0xFF,0xF9,0x6F,0xFF,0xF9,0x8C,0x00,0xAA,0x00,0xC8,0x00,0x00,0x0D,0x2F,0xFF,0x08,
  0x4F,0xFF,0x08,0x6F,0xFF,0x08,0x8C,0x00,0xAB,0x00,0xC8,0x00,0x00,0x0D,0x2F,0xFF,
  0xF7,0x4F,0xFF,0xF7,0x6F,0xFF,0xF7,0x8C,0x00,0xAB,0x00,0xC8,0x00,0x00,0x0D,0x2F,
  0xFF,0x06,0x4F,0xFF,0x06,0x6F,0xFF,0x06,0x8C,0x00,0xAB,0x00,0xC9,0x00,0x00,0x0D,
  0x2F,0xFF,0xF6,0x4F,0xFF,0xF6,0x6F,0xFF,0xF6,0x8C,0x00,0xAB,0x00,0xC9,0x00,0x00,
  0x0D,0x2F,0xFF,0x07,0x4F,0xFF,0x07,0x6F,0xFF,0x07,0x8B,0x00,0xAA,0x00,0xC8,0x00,
  0x00,0x0D,0x2F,0xFF,0xF5,0x4F,0xFF,0xF5,0x6F,0xFF,0xF5,0x8A,0x00,0xA9,0x00,0xC7,
  0x00,0x00,0x0D,0x2F,0xFF,0x07,0x4F,0xFF,0x07,0x6F,0xFF,0x07,0x89,0x00,0xA8,0x00,
  0xC6,0x00,0x00,0x0D,0x2F,0xFF,0xF4,0x4F,0xFF,0xF4,0x6F,0xFF,0xF4,0x88,0x00,0xA7,
  0x00,0xC5,0x00,0x00,0x0D,0x2F,0xFF,0x09,0x4F,0xFF,0x09,0x6F,0xFF,0x09,0x87,0x00,
  0xA6,0x00,0xC4,0x00,0x00,0x0D,0x20,0x00,0x00,0x4F,0xFF,0x07,0x6F,0xFF,0x07,0x80,
  0x00,0xA6,0x00,0xC4,0x00,0x00,0x0D,0x4F,0xFF,0xF5,0x6F,0xFF,0xF5,0xA6,0x00,0xC4,
  0x00,0x00,0x0D,0x40,0x00,0x00,0x6F,0xFF,0x07,0xA0,0x00,0xC3,0x00,0x00,0x0D,0x40,
  0x00,0x00,0x6F,0xFF,0xF4,0xA0,0x00,0xC2,0x00,0x00,0x0D,0x6F,0xFF,0x09,0xC1,0x00,
  0x1C,0x00,0x05,0xF2,0xE7,0x0C,0x20,0x00,0x00,0x40,0x00,0x00,0x60,0x00,0x00,0x85,
  0x20,0xA5,0x20,0xC5,0x20,0x00,0x08,0xEF,0xF7,0xFB,0x20,0x24,0xEB,0x40,0x47,0xEB,
  0x60,0x2D,0xEB,0x87,0x10,0xA7,0x10,0xC7,0x10,0x00,0x10,0xF6,0xF7,0xFD,0x20,0x1A,
  0xEB,0x40,0x35,0xEB,0x60,0x2D,0xEB,0x89,0x04,0xA9,0x04,0xC9,0x04,0x00,0x10,0xFF,
  0xE7,0xF3,0x20,0x30,0x90,0x40,0x16,0x90,0x60,0x1E,0x90,0x8A,0x00,0xAA,0x00,0xCA,
  0x00,0x1C,0x00,0x10,0xE1,0xE7,0x00,0x23,0x57,0x00,0x40,0x00,0x00,0x60,0x00,0x00,
  0x8C,0xF8,0xAC,0xF8,0xCA,0xE0,0x00,0x10,0xE1,0xE7,0x00,0x20,0x00,0x00,0x40,0x00,
  0x00,0x60,0x00,0x00,0x8A,0xF0,0xAA,0xF0,0xCA,0xF0,0x1C,0x00,0x05,0xF9,0xF7,0xF0,
  0x20,0x2D,0xD0,0x40,0x2B,0xD0,0x60,0x28,0xD0,0x87,0x30,0xA7,0x30,0xC7,0x30,0x00,
  0x10,0xEF,0xF7,0xFB,0x20,0x5F,0x50,0x40,0x41,0x50,0x60,0x3C,0x50,0x8A,0x04,0xAA,
  0x04,0xCA,0x04,0x00,0x0B,0xEA,0xF7,0xFC,0x20,0x5F,0x55,0x40,0x41,0x55,0x60,0x3C,
  0x55,0x8B,0xD8,0xAB,0xD8,0xCB,0xD8,0x04,0x00,0x03,0xEA,0xF7,0x20,0x20,0x5F,0x15,
  0x40,0x41,0x15,0x60,0x3C,0x15,0x86,0x00,0xA6,0x00,0xC6,0x00,0x08,0x05,0x1C,0x00,
  0x10,0x21,0x0D,0xCA,0x40,0x9D,0xCA,0x60,0x47,0xEA,0x8A,0x10,0xAA,0x10,0xCA,0x10,
  0x00,0x0C,0x2F,0xFF,0x13,0x4F,0xFF,0x13,0x6F,0xFF,0x12,0x8E,0x05,0xAE,0x05,0xCE,
  0x05,0x00,0x08,0x21,0x1D,0x70,0x42,0x04,0x70,0x60,0x39,0x70,0x8F,0x00,0xAF,0x00,
  0xCF,0x00,0x00,0x1F,0x2F,0xFF,0x70,0x4F,0xFF,0x70,0x6F,0xFF,0x70,0x8F,0xF5,0xAF,
  0xF5,0xCF,0xF5,0x00,0x10,0x21,0x0D,0xCA,0x40,0x9D,0xCA,0x60,0x47,0xEA,0x88,0x10,
  0xA8,0x10,0xC8,0x10,0x00,0x0C,0x2F,0xFF,0x13,0x4F,0xFF,0x13,0x6F,0xFF,0x12,0x8C,
  0x05,0xAC,0x05,0xCC,0x05,0x00,0x08,0x21,0x1D,0x70,0x42,0x04,0x70,0x60,0x39,0x70,
  0x8D,0x00,0xAD,0x00,0xCD,0x00,0x00,0x15,0x2F,0xFF,0x70,0x4F,0xFF,0x70,0x6F,0xFF,
  0x70,0x8D,0xFD,0xAD,0xFD,0xCD,0xFD,0x00,0x0C,0x2F,0xFF,0x04,0x4F,0xFF,0x04,0x6F,
  0xFF,0x05,0x8C,0xEB,0xAC,0xEB,0xCC,0xEB,0x00,0x10,0x21,0x0D,0xCA,0x40,0x9D,0xCA,
  0x60,0x47,0xEA,0x88,0x08,0xA8,0x08,0xC8,0x08,0x00,0x0C,0x2F,0xFF,0x13,0x4F,0xFF,
  0x13,0x6F,0xFF,0x12,0x8A,0x05,0xAA,0x05,0xCA,0x05,0x00,0x08,0x21,0x1D,0x20,0x42,
  0x04,0x20,0x60,0x39,0x20,0x8B,0x00,0xAB,0x00,0xCB,0x00,0x00,0x1F,0x2F,0xFF,0x20,
  0x4F,0xFF,0x20,0x6F,0xFF,0x20,0x8B,0xFC,0xAB,0xFC,0xCB,0xFC,0x00,0x30,0x2F,0xFF,
  0x02,0x4F,0xFF,0x02,0x6F,0xFF,0x03,0x89,0xF8,0xA9,0xF8,0xC9,0xF8,0x1C,0x00,0x30,
  0x20,0x00,0x00,0x40,0x00,0x00,0x60,0x00,0x00,0x80,0x00,0xA0,0x00,0xC0,0x00,0x00,
  0x10,0x22,0x1B,0xCA,0x41,0x38,0xCA,0x60,0x8F,0xEA,0x8A,0x10,0xAA,0x10,0xCA,0x10,
  0x00,0x0C,0x2F,0xFF,0x13,0x4F,0xFF,0x13,0x6F,0xFF,0x12,0x8E,0x05,0xAE,0x05,0xCE,
  0x05,0x00,0x08,0x22,0x38,0x70,0x44,0x10,0x70,0x60,0x71,0x70,0x8F,0x00,0xAF,0x00,
  0xCF,0x00,0x00,0x1F,0x2F,0xFF,0x70,0x4F,0xFF,0x70,0x6F,0xFF,0x70,0x8F,0xF5,0xAF,
  0xF5,0xCF,0xF5,0x00,0x10,0x22,0x1B,0xCA,0x41,0x38,0xCA,0x60,0x8F,0xEA,0x88,0x10,
  0xA8,0x10,0xC8,0x10,0x00,0x0C,0x2F,0xFF,0x13,0x4F,0xFF,0x13,0x6F,0xFF,0x12,0x8C,
  0x05,0xAC,0x05,0xCC,0x05,0x00,0x08,0x22,0x38,0x70,0x44,0x10,0x70,0x60,0x71,0x70,
  0x8D,0x00,0xAD,0x00,0xCD,0x00,0x00,0x15,0x2F,0xFF,0x70,0x4F,0xFF,0x70,0x6F,0xFF,
  0x70,0x8D,0xFD,0xAD,0xFD,0xCD,0xFD,0x00,0x0C,0x2F,0xFF,0x04,0x4F,0xFF,0x04,0x6F,
  0xFF,0x05,0x8C,0xEB,0xAC,0xEB,0xCC,0xEB,0x00,0x10,0x22,0x1B,0xCA,0x41,0x38,0xCA,
  0x60,0x8F,0xEA,0x88,0x08,0xA8,0x08,0xC8,0x08,0x00,0x0C,0x2F,0xFF,0x13,0x4F,0xFF,
  0x13,0x6F,0xFF,0x12,0x8A,0x05,0xAA,0x05,0xCA,0x05,0x00,0x08,0x22,0x38,0x20,0x44,
  0x10,0x20,0x60,0x71,0x20,0x8B,0x00,0xAB,0x00,0xCB,0x00,0x00,0x1F,0x2F,0xFF,0x20,
  0x4F,0xFF,0x20,0x6F,0xFF,0x20,0x8B,0xFC,0xAB,0xFC,0xCB,0xFC,0x00,0x30,0x2F,0xFF,
  0x02,0x4F,0xFF,0x02,0x6F,0xFF,0x03,0x89,0xF8,0xA9,0xF8,0xC9,0xF8,0x1C,0x04,0x00,
  0x07,0x20,0xD6,0x00,0x41,0x0D,0x00,0x60,0xF0,0x00,0x89,0x00,0xA7,0x00,0xC5,0x00,
  0x00,0x01,0x20,0x00,0x00,0x40,0x00,0x00,0x60,0x00,0x00,0x80,0x00,0xA0,0x00,0xC0,
  0x00,0x00,0x07,0x20,0xD6,0x00,0x41,0x0D,0x00,0x60,0xF0,0x00,0x89,0x00,0xA7,0x00,
  0xC5,0x00,0x00,0x01,0x20,0x00,0x00,0x40,0x00,0x00,0x60,0x00,0x00,0x80,0x00,0xA0,
  0x00,0xC0,0x00,0x00,0x07,0x20,0xD6,0x00,0x41,0x0D,0x00,0x60,0xF0,0x00,0x8A,0x00,
  0xA8,0x00,0xC6,0x00,0x00,0x01,0x20,0x00,0x00,0x40,0x00,0x00,0x60,0x00,0x00,0x80,
  0x00,0xA0,0x00,0xC0,0x00,0x00,0x07,0x20,0xD6,0x00,0x41,0x0D,0x00,0x60,0xF0,0x00,
  0x8B,0x00,0xA9,0x00,0xC7,0x00,0x00,0x01,0x20,0x00,0x00,0x40,0x00,0x00,0x60,0x00,
  0x00,0x80,0x00,0xA0,0x00,0xC0,0x00,0x00,0x07,0x20,0xD6,0x00,0x41,0x0D,0x00,0x60,
  0xF0,0x00,0x8A,0x00,0xA8,0x00,0xC6,0x00,0x00,0x01,0x20,0x00,0x00,0x40,0x00,0x00,
  0x60,0x00,0x00,0x80,0x00,0xA0,0x00,0xC0,0x00,0x00,0x07,0x20,0xD6,0x00,0x41,0x0D,
  0x00,0x60,0xF0,0x00,0x89,0x00,0xA7,0x00,0xC5,0x00,0x00,0x01,0x20,0x00,0x00,0x40,
  0x00,0x00,0x60,0x00,0x00,0x80,0x00,0xA0,0x00,0xC0,0x00,0x08,0x03,0x1C,0x00,0x11,
  0xEC,0xF7,0xFF,0x23,0xC0,0xF0,0x40,0x00,0x00,0x60,0x00,0x00,0x8D,0x00,0xA0,0x00,
  0xC0,0x00,0x00,0x11,0xE8,0xF7,0xFF,0x2F,0xFF,0x10,0x43,0xC4,0xF0,0x8D,0x00,0xAB,
  0x00,0x00,0x11,0xE4,0xF7,0x00,0x2F,0xFF,0xF0,0x4F,0xFF,0x10,0x63,0xC9,0xF0,0x8D,
  0x00,0xAB,0x00,0xC7,0x00,0x00,0x11,0xE2,0xF7,0x0D,0x2F,0xFF,0x10,0x4F,0xFF,0xF0,
  0x6F,0xFF,0x10,0x8C,0x00,0xAA,0x00,0xC6,0x00,0x00,0x11,0xE6,0xF7,0x0D,0x2F,0xFF,
  0xF0,0x4F,0xFF,0x10,0x6F,0xFF,0xF0,0x8A,0x00,0xA8,0x00,0xC4,0x00,0x00,0x11,0xEA,
  0xF7,0x0C,0x2F,0xFF,0x10,0x4F,0xFF,0xF0,0x6F,0xFF,0x10,0x88,0x00,0xA6,0x00,0xC4,
  0x00,0x00,0x11,0xEF,0xF7,0x0D,0x2F,0xFF,0xF0,0x4F,0xFF,0x10,0x6F,0xFF,0xF0,0x86,
  0x00,0xA5,0x00,0xC4,0x00,0x00,0x11,0xF2,0xF7,0xFE,0x2F,0xFF,0x10,0x4F,0xFF,0xF0,
  0x6F,0xFF,0x10,0x85,0x00,0xA3,0x00,0xC2,0x00,0x00,0x11,0xEC,0xF7,0xFE,0x2F,0xFF,
  0xF0,0x4F,0xFF,0x10,0x6F,0xFF,0xF0,0x83,0x00,0xA2,0x00,0xC1,0x00,0x1C,0x00,0x15,
  0xF3,0xF7,0x00,0x20,0x11,0x03,0x40,0x0B,0x03,0x60,0x0D,0x03,0x8D,0xFA,0xA0,0x00,
  0xC0,0x00,0x00,0x15,0xF2,0xF7,0x00,0x2F,0xFF,0x03,0x40,0x11,0x03,0x8B,0xFA,0xAD,
  0xFA,0x00,0x15,0xF1,0xF7,0x00,0x2F,0xFF,0x03,0x4F,0xFF,0x03,0x60,0x11,0x03,0x89,
  0xFA,0xAB,0xFA,0xCD,0xFA,0x00,0x30,0xF0,0xF7,0x00,0x2F,0xFF,0x01,0x4F,0xFF,0x01,
  0x6F,0xFF,0x01,0x87,0xFB,0xA9,0xFA,0xCB,0xF7,0x1C,0x00,0x12,0xF3,0xE7,0x04,0x23,
  0xC0,0x00,0x41,0xA5,0x00,0x61,0x68,0x00,0x84,0x1C,0xA3,0x18,0xC2,0x14,0x00,0x2C,
  0xFC,0xC7,0x00,0x23,0xAE,0x00,0x41,0x9D,0x00,0x61,0x61,0x00,0x8B,0x00,0xAB,0x00,
  0xCB,0x00,0x04,0x00,0x04,0xF3,0xC7,0xF2,0x20,0x00,0x00,0x40,0x00,0x00,0x60,0x00,
  0x00,0x8B,0xE0,0xA9,0xD0,0xC6,0xE0,0x08,0x05,0x04,0x00,0x04,0xEC,0xC7,0xFC,0x20,
  0x00,0x00,0x40,0x00,0x00,0x60,0x00,0x00,0x89,0xE0,0xA7,0xE0,0xC4,0xE0,0x08,0x07,
  0x04,0x00,0x04,0xE9,0xE7,0xF6,0x20,0x00,0x00,0x40,0x00,0x00,0x60,0x00,0x00,0x87,
  0xC0,0xA5,0xE0,0xC3,0xF0,0x08,0x03,0x04,0x00,0x04,0xEF,0xE7,0xE6,0x20,0x00,0x00,
  0x40,0x00,0x00,0x60,0x00,0x00,0x83,0xF0,0xA3,0xF0,0xC2,0xF0,0x08,0x03,0x1C,0x00,
  0x03,0x21,0x0D,0x16,0x41,0x38,0x16,0x61,0x1D,0x16,0x89,0x00,0xA7,0x00,0xC7,0x00,
  0x00,0x05,0x2F,0xFF,0x13,0x4F,0xFF,0x0A,0x6F,0xFF,0x0F,0x8E,0x00,0xAC,0x20,0xC9,
  0x50,0x00,0x05,0x2F,0xFF,0xED,0x4F,0xFF,0xF1,0x6F,0xFF,0xEE,0x8E,0x00,0xAE,0x00,
  0xCE,0x00,0x00,0x05,0x2F,0xFF,0x13,0x4F,0xFF,0x10,0x6F,0xFF,0x14,0x8D,0x00,0xAC,
  0x00,0xCB,0x00,0x00,0x05,0x2F,0xFF,0x13,0x4F,0xFF,0x15,0x6F,0xFF,0x16,0x8C,0x00,
  0xA9,0x00,0xC8,0x00,0x00,0x08,0x21,0xA5,0x90,0x41,0xE0,0x90,0x61,0x68,0x90,0x8E,
  0x00,0xAE,0x00,0xCE,0x00,0x00,0x08,0x20,0xD6,0x90,0x20,0xF0,0x90,0x42,0xCF,0x90,
  0x8E,0x00,0xAC,0x00,0xCB,0x00,0x00,0x12,0x21,0x1D,0x90,0x41,0x40,0x90,0x62,0xCF,
  0x90,0x8C,0x00,0xAA,0x00,0xC9,0x00,0x00,0x15,0x21,0x0D,0x90,0x41,0x1D,0x90,0x62,
  0x81,0x90,0x8B,0x00,0xA9,0x00,0xC7,0x00,0x00,0x18,0x22,0x38,0x70,0x42,0x04,0x70,
  0x61,0xC5,0x70,0x8E,0x00,0xAB,0x00,0xCE,0x00,0x00,0x20,0x21,0x68,0x70,0x41,0x7D,
  0x70,0x61,0x8C,0x70,0x8C,0xFA,0xAC,0xFC,0xCC,0xFA,0x00,0x25,0x21,0xA5,0x90,0x41,
  0xE0,0x90,0x62,0x2B,0x90,0x88,0xFB,0xA9,0xFD,0xC8,0xFD,0x00,0x24,0x22,0x1B,0x90,
  0x42,0xCF,0x90,0x63,0x09,0x90,0x85,0xFF,0xA6,0xFD,0xC6,0xFD,0x00,0x24,0x22,0x38,
  0x90,0x42,0xFA,0x90,0x63,0x79,0x90,0x84,0xFB,0xA4,0xFD,0xC4,0xFB,0x1C,0x00,0x02,
  0xE5,0xC7,0x18,0x20,0x18,0x03,0x40,0x5A,0x03,0x61,0xD2,0x03,0x8C,0x00,0xAC,0x00,
  0xCC,0x00,0x00,0x02,0xEB,0xE7,0x28,0x20,0x2B,0x03,0x40,0x30,0x03,0x61,0xF8,0x03,
  0x8D,0x00,0xAD,0x00,0xCD,0x00,0x00,0x08,0xFD,0xC7,0x00,0x20,0x11,0x03,0x40,0x22,
  0x03,0x60,0x47,0x03,0x8E,0xF0,0xAE,0xF0,0xCE,0xF0,0x00,0x08,0xF5,0xE7,0x00,0x2F,
  0xFF,0x03,0x40,0x14,0x03,0x8E,0xF0,0xAE,0xF0,0xCE,0xF0,0x00,0x15,0xF1,0xE7,0x00,
  0x2F,0xFF,0xFD,0x4F,0xFF,0xFD,0x60,0x14,0xFD,0x8E,0xED,0xAE,0xF4,0xCE,0xFA,0x00,
  0x60,0xF0,0xE7,0x00,0x2F,0xFF,0xFE,0x4F,0xFF,0xFE,0x6F,0xFF,0xFE,0x8D,0xFB,0xAD,
  0xFB,0xCD,0xFB,0x1C,0x00,0x0C,0x20,0x71,0x00,0x40,0x00,0x00,0x60,0x00,0x00,0x8E,
  0x00,0xA0,0x00,0xC0,0x00,0x00,0x02,0x20,0x00,0x00,0x80,0x00,0x00,0x0C,0x20,0x5A,
  0x00,0x40,0xE2,0x00,0x8E,0x00,0xAC,0x00,0x00,0x02,0x20,0x00,0x00,0x40,0x00,0x00,
  0x80,0x00,0xA0,0x00,0x00,0x0C,0x20,0x4C,0x00,0x40,0xB4,0x00,0x61,0xC5,0x00,0x8E,
  0x00,0xAC,0x00,0xCA,0x00,0x00,0x02,0x20,0x00,0x00,0x40,0x00,0x00,0x60,0x00,0x00,
  0x80,0x00,0xA0,0x00,0xC0,0x00,0x00,0x0C,0x20,0x3C,0x00,0x40,0x97,0x00,0x61,0x68,
  0x00,0x8E,0x00,0xAC,0x00,0xCA,0x00,0x00,0x02,0x20,0x00,0x00,0x40,0x00,0x00,0x60,
  0x00,0x00,0x80,0x00,0xA0,0x00,0xC0,0x00,0x00,0x0C,0x20,0x39,0x00,0x40,0x78,0x00,
  0x61,0x2E,0x00,0x8E,0x00,0xAC,0x00,0xCA,0x00,0x00,0x02,0x20,0x00,0x00,0x40,0x00,
  0x00,0x60,0x00,0x00,0x80,0x00,0xA0,0x00,0xC0,0x00,0x00,0x0C,0x20,0x2D,0x00,0x40,
  0x71,0x00,0x60,0xF0,0x00,0x8E,0x00,0xAC,0x00,0xCA,0x00,0x00,0x02,0x20,0x00,0x00,
  0x40,0x00,0x00,0x60,0x00,0x00,0x80,0x00,0xA0,0x00,0xC0,0x00,0x00,0x0C,0x20,0x26,
  0x00,0x40,0x5A,0x00,0x60,0xE2,0x00,0x8E,0x00,0xAC,0x00,0xCA,0x00,0x00,0x02,0x20,
  0x00,0x00,0x40,0x00,0x00,0x60,0x00,0x00,0x80,0x00,0xA0,0x00,0xC0,0x00,0x00,0x0C,
  0x20,0x1E,0x00,0x40,0x4C,0x00,0x60,0xB4,0x00,0x8E,0x00,0xAC,0x00,0xCA,0x00,0x00,
  0x02,0x20,0x00,0x00,0x40,0x00,0x00,0x60,0x00,0x00,0x80,0x00,0xA0,0x00,0xC0,0x00,
  0x00,0x0C,0x20,0x00,0x00,0x40,0x3C,0x00,0x60,0x97,0x00,0x80,0x00,0xAC,0x00,0xCA,
  0x00,0x00,0x02,0x20,0x00,0x00,0x40,0x00,0x00,0x60,0x00,0x00,0x80,0x00,0xA0,0x00,
  0xC0,0x00,0x00,0x0E,0x60,0x78,0x00,0xCA,0x00,0x1C,0x00,0x03,0x20,0x82,0xFC,0x40,
  0x00,0x00,0x60,0x00,0x00,0x84,0x00,0xA0,0x00,0xC0,0x00,0x00,0x03,0x20,0x82,0x04,
  0x85,0x00,0x00,0x03,0x20,0x5C,0xFB,0x86,0x00,0x00,0x03,0x20,0xA0,0xFB,0x40,0x71,
  0xFB,0x87,0x00,0xA4,0x00,0x00,0x03,0x2F,0xFF,0x04,0x40,0x5C,0x04,0x88,0x00,0xA5,
  0x00,0x00,0x03,0x2F,0xFF,0xFB,0x40,0x55,0xFB,0x89,0x00,0xA6,0x00,0x00,0x03,0x2F,
  0xFF,0xFB,0x4F,0xFF,0xFB,0x60,0x43,0xFB,0x89,0x00,0xA7,0x00,0xC4,0x00,0x00,0x03,
  0x2F,0xFF,0x04,0x4F,0xFF,0x04,0x60,0x35,0x04,0x89,0x00,0xA8,0x00,0xC5,0x00,0x00,
  0x03,0x2F,0xFF,0xFB,0x4F,0xFF,0xFB,0x60,0x2A,0xFC,0x8A,0x00,0xA8,0x00,0xC4,0x00,
  0x00,0x06,0x2F,0xFF,0xE9,0x4F,0xFF,0xE9,0x6F,0xFF,0xE9,0x8B,0x00,0xA9,0x00,0xC6,
  0x00,0x00,0x06,0x2F,0xFF,0x14,0x4F,0xFF,0x14,0x6F,0xFF,0x14,0x8B,0x00,0xA9,0x00,
  0xC6,0x00,0x00,0x06,0x2F,0xFF,0xE9,0x4F,0xFF,0xE9,0x6F,0xFF,0xE9,0x8C,0x00,0xAA,
  0x00,0xC7,0x00,0x00,0x06,0x2F,0xFF,0x14,0x4F,0xFF,0x14,0x6F,0xFF,0x14,0x8C,0x00,
  0xAA,0x00,0xC7,0x00,0x00,0x06,0x2F,0xFF,0xEA,0x4F,0xFF,0xEA,0x6F,0xFF,0xEA,0x8C,
  0x00,0xAA,0x00,0xC7,0x00,0x00,0x06,0x2F,0xFF,0x14,0x4F,0xFF,0x14,0x6F,0xFF,0x14,
  0x8B,0x00,0xA9,0x00,0xC6,0x00,0x00,0x06,0x2F,0xFF,0xEA,0x4F,0xFF,0xEA,0x6F,0xFF,
  0xEA,0x8B,0x00,0xA9,0x00,0xC6,0x00,0x00,0x06,0x2F,0xFF,0x14,0x4F,0xFF,0x14,0x6F,
  0xFF,0x14,0x8B,0x00,0xA9,0x00,0xC6,0x00,0x00,0x06,0x2F,0xFF,0xEA,0x4F,0xFF,0xEA,
  0x6F,0xFF,0xEA,0x8B,0x00,0xA9,0x00,0xC6,0x00,0x00,0x06,0x2F,0xFF,0x15,0x4F,0xFF,
  0x15,0x6F,0xFF,0x15,0x8B,0x00,0xA9,0x00,0xC6,0x00,0x00,0x06,0x2F,0xFF,0xE7,0x4F,
  0xFF,0xE7,0x6F,0xFF,0xE7,0x8A,0x00,0xA8,0x00,0xC7,0x00,0x00,0x06,0x2F,0xFF,0x17,
  0x4F,0xFF,0x17,0x6F,0xFF,0x17,0x8A,0x00,0xA8,0x00,0xC7,0x00,0x00,0x06,0x2F,0xFF,
  0xE6,0x4F,0xFF,0xE6,0x6F,0xFF,0xE6,0x8A,0x00,0xA8,0x00,0xC7,0x00,0x00,0x06,0x2F,
  0xFF,0x16,0x4F,0xFF,0x16,0x6F,0xFF,0x16,0x8A,0x00,0xA8,0x00,0xC7,0x00,0x00,0x06,
  0x2F,0xFF,0xE0,0x4F,0xFF,0xE0,0x6F,0xFF,0xE0,0x8B,0x00,0xA9,0x00,0xC6,0x00,0x00,
  0x06,0x2F,0xFF,0x17,0x4F,0xFF,0x17,0x6F,0xFF,0x17,0x8B,0x00,0xAA,0x00,0xC8,0x00,
  0x00,0x06,0x2F,0xFF,0xDF,0x4F,0xFF,0xDF,0x6F,0xFF,0xDF,0x8B,0x00,0xAA,0x00,0xC8,
  0x00,0x00,0x06,0x2F,0xFF,0x17,0x4F,0xFF,0x17,0x6F,0xFF,0x17,0x8A,0x00,0xA9,0x00,
  0xC7,0x00,0x00,0x06,0x2F,0xFF,0xDB,0x4F,0xFF,0xDB,0x6F,0xFF,0xDB,0x8A,0x00,0xA9,
  0x00,0xC7,0x00,0x00,0x06,0x2F,0xFF,0x19,0x4F,0xFF,0x19,0x6F,0xFF,0x19,0x8A,0x00,
  0xA9,0x00,0xC7,0x00,0x00,0x06,0x20,0x00,0x00,0x4F,0xFF,0x25,0x6F,0xFF,0x25,0x80,
  0x00,0xA9,0x00,0xC7,0x00,0x00,0x06,0x4F,0xFF,0xD5,0x6F,0xFF,0xD5,0xA8,0x00,0xC6,
  0x00,0x00,0x06,0x40,0x00,0x00,0x6F,0xFF,0x17,0xA0,0x00,0xC6,0x00,0x00,0x06,0x40,
  0x00,0x00,0x6F,0xFF,0xDB,0xA0,0x00,0xC5,0x00,0x00,0x06,0x6F,0xFF,0x25,0xC4,0x00,
  0x1C,0x00,0x02,0xE1,0xF7,0x10,0x20,0x00,0x00,0x40,0x00,0x00,0x60,0x00,0x00,0x82,
  0x00,0xA0,0x00,0xC0,0x00,0x00,0x03,0xE5,0xF7,0x08,0x84,0x00,0x00,0x03,0xE8,0xE7,
  0xF8,0x85,0x00,0xA5,0x00,0x00,0x03,0xE5,0xF7,0x05,0x87,0x00,0xA0,0x00,0x00,0x04,
  0xE7,0xE7,0x06,0x89,0x10,0xA9,0x10,0x00,0x04,0xEA,0xF7,0xF4,0x8A,0x00,0xA0,0x00,
  0x1C,0x04,0x00,0x02,0x20,0x3C,0x15,0x40,0x14,0x15,0x60,0x1E,0x15,0x84,0x00,0xA3,
  0x00,0xC2,0x00,0x08,0x06,0x00,0x02,0x20,0x16,0x15,0x40,0x30,0x15,0x60,0x07,0x15,
  0x88,0x00,0xA7,0x00,0xC6,0x00,0x00,0x08,0x20,0x16,0x15,0x40,0x30,0x15,0x60,0x07,
  0x15,0x8C,0x00,0xAC,0x00,0xCC,0x00,0x00,0x10,0x20,0x1A,0x15,0x40,0x2D,0x15,0x60,
  0x14,0x15,0x8C,0x00,0xAA,0x00,0xC8,0x00,0x00,0x10,0x20,0x1A,0x15,0x40,0x2D,0x15,
  0x60,0x14,0x15,0x8C,0xF8,0xAA,0xF8,0xC8,0xF8,0x04,0x00,0x02,0x20,0x2D,0x15,0x40,
  0x1E,0x15,0x60,0x07,0x15,0x8A,0x00,0xA8,0x00,0xC6,0x00,0x08,0x04,0x00,0x20,0x20,
  0x1A,0x10,0x40,0x1E,0x10,0x60,0x07,0x10,0x88,0x00,0xA6,0x00,0xC4,0x00,0x00,0x25,
  0x20,0x1E,0x02,0x40,0x3C,0x02,0x60,0x0D,0x02,0x87,0x00,0xA5,0x00,0xC3,0x00,0x1C,
  0x00,0x0D,0x21,0x7D,0x50,0x40,0xB4,0x50,0x60,0xBE,0x50,0x86,0x00,0xA6,0x00,0xC6,
  0x00,0x00,0x0A,0x2F,0xFF,0xB0,0x2F,0xFF,0xB0,0x2F,0xFF,0xB0,0x87,0x00,0xA7,0x00,
  0xC7,0x00,0x00,0x0A,0x2F,0xFF,0xB0,0x4F,0xFF,0xB0,0x6F,0xFF,0xB0,0x88,0x00,0xA8,
  0x00,0xC8,0x00,0x00,0x09,0x2F,0xFF,0x50,0x4F,0xFF,0x50,0x6F,0xFF,0x50,0x89,0x00,
  0xA9,0x00,0xC9,0x00,0x00,0x09,0x2F,0xFF,0x50,0x4F,0xFF,0x50,0x6F,0xFF,0x50,0x8A,
  0x00,0xAA,0x00,0xCA,0x00,0x00,0x08,0x2F,0xFF,0xB0,0x4F,0xFF,0xB0,0x6F,0xFF,0xB0,
  0x8A,0x00,0xAA,0x00,0xCA,0x00,0x00,0x08,0x2F,0xFF,0xB0,0x4F,0xFF,0xB0,0x6F,0xFF,
  0xB0,0x8A,0x00,0xAA,0x00,0xCA,0x00,0x00,0x07,0x2F,0xFF,0x50,0x4F,0xFF,0x50,0x6F,
  0xFF,0x50,0x8A,0x00,0xAA,0x00,0xCA,0x00,0x00,0x07,0x2F,0xFF,0x50,0x4F,0xFF,0x50,
  0x6F,0xFF,0x50,0x8A,0x00,0xAA,0x00,0xCA,0x00,0x00,0x06,0x2F,0xFF,0xB0,0x4F,0xFF,
  0xB0,0x6F,0xFF,0xB0,0x8A,0x00,0xAA,0x00,0xCA,0x00,0x00,0x06,0x2F,0xFF,0xB0,0x4F,
  0xFF,0xB0,0x6F,0xFF,0xB0,0x8A,0x00,0xAA,0x00,0xCA,0x00,0x00,0x05,0x2F,0xFF,0x50,
  0x4F,0xFF,0x50,0x6F,0xFF,0x50,0x8A,0x00,0xAA,0x00,0xCA,0x00,0x00,0x05,0x2F,0xFF,
  0xB0,0x4F,0xFF,0xB0,0x6F,0xFF,0xB0,0x8A,0x00,0xAA,0x00,0xCA,0x00,0x00,0x04,0x2F,
  0xFF,0x50,0x4F,0xFF,0x50,0x6F,0xFF,0x50,0x89,0x00,0xA9,0x00,0xC9,0x00,0x00,0x20,
  0x2F,0xFF,0xB0,0x4F,0xFF,0xB0,0x6F,0xFF,0xB0,0x88,0xF4,0xA8,0xF4,0xC8,0xF4,0x1C,
  0x00,0x03,0x20,0x75,0xFC,0x40,0x00,0x00,0x60,0x00,0x00,0x81,0x00,0xA0,0x00,0xC0,
  0x00,0x00,0x03,0x20,0x75,0x04,0x82,0x00,0x00,0x03,0x20,0x75,0xFB,0x83,0x00,0x00,
  0x03,0x20,0x6B,0xFB,0x40,0x6B,0xFB,0x84,0x00,0xA1,0x00,0x00,0x03,0x2F,0xFF,0x04,
  0x40,0x6B,0x04,0x84,0x00,0xA2,0x00,0x00,0x03,0x2F,0xFF,0xFB,0x40,0x6B,0xFB,0x86,
  0x00,0xA3,0x00,0x00,0x03,0x2F,0xFF,0xFB,0x4F,0xFF,0xFB,0x60,0x6B,0xFB,0x88,0x00,
  0xA4,0x00,0xA1,0x00,0x00,0x03,0x2F,0xFF,0x04,0x4F,0xFF,0x04,0x60,0x6B,0x04,0x89,
  0x00,0xA6,0x00,0xA2,0x00,0x00,0x03,0x2F,0xFF,0xFB,0x4F,0xFF,0xFB,0x60,0x6B,0xFC,
  0x8A,0x00,0xA6,0x00,0xA4,0x00,0x00,0x10,0x2F,0xFF,0xF9,0x4F,0xFF,0xF9,0x6F,0xFF,
  0xF9,0x8A,0x00,0xA6,0x00,0xC4,0x00,0x00,0x10,0x2F,0xFF,0x07,0x4F,0xFF,0x07,0x6F,
  0xFF,0x07,0x8A,0x00,0xA7,0x00,0xC5,0x00,0x00,0x10,0x2F,0xFF,0xF8,0x4F,0xFF,0xF8,
  0x6F,0xFF,0xF8,0x8A,0x00,0xA8,0x00,0xC6,0x00,0x00,0x10,0x2F,0xFF,0x07,0x4F,0xFF,
  0x07,0x6F,0xFF,0x07,0x8A,0x00,0xA8,0x00,0xC6,0x00,0x00,0x10,0x2F,0xFF,0xF7,0x4F,
  0xFF,0xF7,0x6F,0xFF,0xF7,0x8B,0x00,0xA9,0x00,0xC7,0x00,0x00,0x10,0x2F,0xFF,0x07,
  0x4F,0xFF,0x07,0x6F,0xFF,0x07,0x8B,0x00,0xA9,0x00,0xC7,0x00,0x00,0x10,0x2F,0xFF,
  0xF6,0x4F,0xFF,0xF6,0x6F,0xFF,0xF6,0x8B,0x00,0xA9,0x00,0xC7,0x00,0x00,0x10,0x2F,
  0xFF,0x07,0x4F,0xFF,0x07,0x6F,0xFF,0x07,0x8A,0x00,0xA8,0x00,0xC6,0x00,0x00,0x10,
  0x2F,0xFF,0xF5,0x4F,0xFF,0xF5,0x6F,0xFF,0xF5,0x8A,0x00,0xA8,0x00,0xC6,0x00,0x00,
  0x10,0x2F,0xFF,0x07,0x4F,0xFF,0x07,0x6F,0xFF,0x07,0x8A,0x00,0xA8,0x00,0xC6,0x00,
  0x00,0x10,0x2F,0xFF,0xF9,0x4F,0xFF,0xF9,0x6F,0xFF,0xF9,0x8A,0x00,0xA8,0x00,0xC6,
  0x00,0x00,0x10,0x2F,0xFF,0x09,0x4F,0xFF,0x09,0x6F,0xFF,0x09,0x8A,0x00,0xA8,0x00,
  0xC6,0x00,0x00,0x10,0x2F,0xFF,0xF9,0x4F,0xFF,0xF9,0x6F,0xFF,0xF9,0x8A,0x00,0xA8,
  0x00,0xC6,0x00,0x00,0x10,0x2F,0xFF,0x0A,0x4F,0xFF,0x0A,0x6F,0xFF,0x0A,0x89,0x00,
  0xA7,0x00,0xC5,0x00,0x00,0x10,0x2F,0xFF,0xF9,0x4F,0xFF,0xF9,0x6F,0xFF,0xF9,0x89,
  0x00,0xA7,0x00,0xC5,0x00,0x00,0x10,0x2F,0xFF,0x0D,0x4F,0xFF,0x0D,0x6F,0xFF,0x0D,
  0x88,0x00,0xA6,0x00,0xC4,0x00,0x00,0x10,0x2F,0xFF,0xF9,0x4F,0xFF,0xF9,0x6F,0xFF,
  0xF9,0x87,0x00,0xA5,0x00,0xC3,0x00,0x00,0x10,0x2F,0xFF,0x0E,0x4F,0xFF,0x0E,0x6F,
  0xFF,0x0E,0x86,0x00,0xA4,0x00,0xC2,0x00,0x00,0x10,0x2F,0xFF,0xF9,0x4F,0xFF,0xF9,
  0x6F,0xFF,0xF9,0x85,0x00,0xA3,0x00,0xC2,0x00,0x00,0x10,0x2F,0xFF,0x11,0x4F,0xFF,
  0x11,0x6F,0xFF,0x11,0x84,0x00,0xA2,0x00,0xC1,0x00,0x1C,0x00,0x03,0x20,0xD6,0x30,
  0x40,0xBA,0x30,0x60,0xB4,0x30,0x87,0x00,0xA5,0x00,0xC5,0x00,0x00,0x03,0x2F,0xFF,
  0x13,0x4F,0xFF,0x0A,0x6F,0xFF,0x0F,0x8C,0x00,0xAA,0x20,0xC6,0x50,0x00,0x03,0x2F,
  0xFF,0xED,0x4F,0xFF,0xF1,0x6F,0xFF,0xEE,0x8C,0x00,0xAC,0x00,0xCC,0x00,0x00,0x03,
  0x2F,0xFF,0x13,0x4F,0xFF,0x10,0x6F,0xFF,0x14,0x8B,0x00,0xAA,0x00,0xC9,0x00,0x00,
  0x03,0x2F,0xFF,0x13,0x4F,0xFF,0x15,0x6F,0xFF,0x16,0x8A,0x00,0xA7,0x00,0xC6,0x00,
  0x00,0x04,0x21,0x68,0x90,0x41,0x7D,0x90,0x61,0x1D,0x90,0x8C,0x00,0xAC,0x00,0xCC,
  0x00,0x00,0x04,0x20,0xD6,0x90,0x20,0xBE,0x90,0x42,0x38,0x90,0x8C,0x00,0xAA,0x00,
  0xC9,0x00,0x00,0x04,0x20,0xF0,0x90,0x40,0xFE,0x90,0x62,0x38,0x90,0x8A,0x00,0xA8,
  0x00,0xC7,0x00,0x00,0x04,0x20,0xD6,0x90,0x40,0xE2,0x90,0x62,0x1B,0x90,0x89,0x00,
  0xA7,0x00,0xC5,0x00,0x00,0x05,0x21,0xE0,0x70,0x41,0x9D,0x70,0x61,0x72,0x70,0x8C,
  0x00,0xA9,0x00,0xCC,0x00,0x00,0x05,0x21,0x1D,0x70,0x42,0x5D,0x70,0x61,0x61,0x70,
  0x8A,0xD0,0xAA,0xE0,0xCA,0xD0,0x00,0x05,0x21,0x53,0x70,0x41,0x7D,0x70,0x61,0xD2,
  0x70,0x86,0xD0,0xA7,0xE0,0xC6,0xE0,0x00,0x05,0x21,0xA5,0x70,0x42,0x38,0x70,0x62,
  0x94,0x70,0x83,0xF0,0xA4,0xE0,0xC4,0xE0,0x00,0x05,0x21,0xE0,0x70,0x42,0x81,0x70,
  0x62,0xDC,0x70,0x82,0xF0,0xA2,0xF0,0xC2,0xF0,0x1C,0x00,0x22,0x22,0xFA,0x90,0x41,
  0x7D,0x90,0x61,0xE0,0x90,0x8B,0x00,0xAB,0x00,0xCB,0x00,0x00,0x10,0x20,0x1A,0xEB,
  0x40,0x35,0xEB,0x60,0x2D,0xEB,0x8B,0x00,0xAB,0x00,0xCB,0x00,0x00,0x15,0x20,0x24,
  0xEB,0x40,0x47,0xEB,0x60,0x2D,0xEB,0x8B,0xF0,0xAB,0xF0,0xCB,0xF0,0x00,0x20,0x20,
  0x00,0x00,0x40,0x00,0x00,0x60,0x00,0x00,0x86,0xFD,0xA6,0xFD,0xC6,0xFD,0x00,0x2A,
  0x20,0x00,0x00,0x40,0x00,0x00,0x60,0x00,0x00,0x84,0xFD,0xA4,0xFD,0xC4,0xFD,0x1C,
  0x04,0x00,0x05,0x20,0xD6,0x70,0x40,0xD1,0x70,0x60,0x40,0x70,0x8D,0x00,0xAD,0x00,
  0xCD,0x00,0x00,0x03,0x21,0xA5,0x00,0x40,0x00,0x00,0x60,0x00,0x00,0x8B,0x00,0xA0,
  0x00,0xC0,0x00,0x08,0x02,0x04,0x00,0x05,0x21,0x68,0x40,0x41,0x61,0x40,0x60,0x65,
  0x40,0x8D,0x00,0xAD,0x00,0xCD,0x00,0x00,0x04,0x22,0xCF,0x00,0x40,0x00,0x00,0x60,
  0x00,0x00,0x8B,0x00,0xA0,0x00,0xC0,0x00,0x08,0x02,0x1C,0x00,0x20,0x21,0x68,0xD0,
  0x40,0xB4,0xD0,0x60,0x5A,0xD0,0x8B,0xF8,0xAB,0xF8,0xCB,0xF8,0x00,0x20,0x2F,0xFF,
  0x30,0x4F,0xFF,0x30,0x6F,0xFF,0x30,0x8B,0xF8,0xAB,0xF8,0xCB,0xF8,0x00,0x20,0x2F,
  0xFF,0xD0,0x4F,0xFF,0xD0,0x6F,0xFF,0xD0,0x8C,0xF8,0xAC,0xF8,0xCC,0xF8,0x00,0x20,
  0x2F,0xFF,0x30,0x4F,0xFF,0x30,0x6F,0xFF,0x30,0x8C,0xF8,0xAC,0xF8,0xCC,0xF8,0x00,
  0x20,0x2F,0xFF,0xD0,0x4F,0xFF,0xD0,0x6F,0xFF,0xD0,0x8D,0xF8,0xAD,0xF8,0xCD,0xF8,
  0x00,0x20,0x2F,0xFF,0x30,0x4F,0xFF,0x30,0x6F,0xFF,0x30,0x8C,0xF8,0xAC,0xF8,0xCC,
  0xF8,0x00,0x20,0x2F,0xFF,0xD0,0x4F,0xFF,0xD0,0x6F,0xFF,0xD0,0x8C,0xF8,0xAC,0xF8,
  0xCC,0xF8,0x00,0x20,0x2F,0xFF,0x30,0x4F,0xFF,0x30,0x6F,0xFF,0x30,0x8B,0xF8,0xAB,
  0xF8,0xCB,0xF8,0x1C,0xFF,0xFF,0xFF,0xFF,0xFF,0xFF,0xFF,0xFF,0xFF,0xFF,0xFF,0xFF,
  0xFF,0xFF,0xFF,0xFF,0xFF,0xFF,0xFF,0xFF,0xFF,0xFF,0xFF,0xFF,0xFF,0xFF,0xFF,0xFF,
  0xFF,0xFF,0xFF,0xFF,0xFF,0xFF,0xFF,0xFF,0xFF,0xFF,0xFF,0xFF,0xFF,0xFF,0xFF,0xFF,
  0xFF,0xFF,0xFF,0xFF,0xFF,0xFF,0xFF,0xFF,0xFF,0xFF,0xFF,0xFF,0xFF,0xFF,0xFF,0xFF,
  0xFF,0xFF,0xFF,0xFF,0xFF,0xFF,0xFF,0xFF,0xFF,0xFF,0xFF,0xFF,0xFF,0xFF,0xFF,0xFF,
  0xFF,0xFF,0xFF,0xFF,0xFF,0xFF,0xFF,0xFF,0xFF,0xFF,0xFF,0xFF,0xFF,0xFF,0xFF,0xFF,
  0xFF,0xFF,0xFF,0xFF,0xFF,0xFF,0xFF,0xFF,0xFF,0xFF,0xFF,0xFF,0xFF,0xFF,0xFF,0xFF,
  0xFF,0xFF,0xFF,0xFF,0xFF,0xFF,0xFF,0xFF,0xFF,0xFF,0xFF,0xFF,0xFF,0xFF,0xFF,0xFF,
  0xFF,0xFF,0xFF,0xFF,0xFF,0xFF,0xFF,0xFF,0xFF,0xFF,0xFF,0xFF,0xFF,0xFF,0xFF,0xFF,
  0xFF,0xFF,0xFF,0xFF,0xFF,0xFF,0xFF,0xFF,0xFF,0xFF,0xFF,0xFF,0xFF,0xFF,0xFF,0xFF,
  0xFF,0xFF,0xFF,0xFF,0xFF,0xFF,0xFF,0xFF,0xFF,0xFF,0xFF,0xFF,0xFF,0xFF,0xFF,0xFF,
  0xFF,0xFF,0xFF,0xFF,0xFF,0xFF,0xFF,0xFF,0xFF,0xFF,0xFF,0xFF,0xFF,0xFF,0xFF,0xFF,
  0xFF,0xFF,0xFF,0xFF,0xFF,0xFF,0xFF,0xFF,0xFF,0xFF,0xFF,0xFF,0xFF,0xFF,0xFF,0xFF,
  0xFF,0xFF,0xFF,0xFF,0xFF,0xFF,0xFF,0xFF,0xFF,0xFF,0xFF,0xFF,0xFF,0xFF,0xFF,0xFF,
  0xFF,0xFF,0xFF,0xFF,0xFF,0xFF,0xFF,0xFF,0xFF,0xFF,0xFF,0xFF,0xFF,0xFF,0xFF,0xFF,
  0xFF,0xFF,0xFF,0xFF,0xFF,0xFF,0xFF,0xFF,0xFF,0xFF,0xFF,0xFF,0xFF,0xFF,0xFF,0xFF,
  0xFF,0xFF,0xFF,0xFF,0xFF,0xFF,0xFF,0xFF,0xFF,0xFF,0xFF,0xFF,0xFF,0xFF,0xFF,0xFF,
  0xFF,0xFF,0xFF,0xFF,0xFF,0xFF,0xFF,0xFF,0xFF,0xFF,0xFF,0xFF,0xFF,0xFF,0xFF,0xFF,
  0xFF,0xFF,0xFF,0xFF,0xFF,0xFF,0xFF,0xFF,0xFF,0xFF,0xFF,0xFF,0xFF,0xFF,0xFF,0xFF,
  0xFF,0xFF,0xFF,0xFF,0xFF,0xFF,0xFF,0xFF,0xFF,0xFF,0xFF,0xFF,0xFF,0xFF,0xFF,0xFF,
  0xFF,0xFF,0xFF,0xFF,0xFF,0xFF,0xFF,0xFF,0xFF,0xFF,0xFF,0xFF,0xFF,0xFF,0xFF,0xFF,
  0xFF,0xFF,0xFF,0xFF,0xFF,0xFF,0xFF,0xFF,0xFF,0xFF,0xFF,0xFF,0xFF,0xFF,0xFF,0xFF,
  0xFF,0xFF,0xFF,0xFF,0xFF,0xFF,0xFF,0xFF,0xFF,0xFF,0xFF,0xFF,0xFF,0xFF,0xFF,0xFF,
  0xFF,0xFF,0xFF,0xFF,0xFF,0xFF,0xFF,0xFF,0xFF,0xFF,0xFF,0xFF,0xFF,0xFF,0xFF,0xFF,
  0xFF,0xFF,0xFF,0xFF,0xFF,0xFF,0xFF,0xFF,0xFF,0xFF,0xFF,0xFF,0xFF,0xFF,0xFF,0xFF,
  0xFF,0xFF,0xFF,0xFF,0xFF,0xFF,0xFF,0xFF,0xFF,0xFF,0xFF,0xFF,0xFF,0xFF,0xFF,0xFF,
  0xFF,0xFF,0xFF,0xFF,0xFF,0xFF,0xFF,0xFF,0xFF,0xFF,0xFF,0xFF,0xFF,0xFF,0xFF,0xFF,
  0xFF,0xFF,0xFF,0xFF,0xFF,0xFF,0xFF,0xFF,0xFF,0xFF,0xFF,0xFF,0xFF,0xFF,0xFF,0xFF,
  0xFF,0xFF,0xFF,0xFF,0xFF,0xFF,0xFF,0xFF,0xFF,0xFF,0xFF,0xFF,0xFF,0xFF,0xFF,0xFF,
  0xFF,0xFF,0xFF,0xFF,0xFF,0xFF,0xFF,0xFF,0xFF,0xFF,0xFF,0xFF,0xFF,0xFF,0xFF,0xFF,
  0xFF,0xFF,0xFF,0xFF,0xFF,0xFF,0xFF,0xFF,0xFF,0xFF,0xFF,0xFF,0xFF,0xFF,0xFF,0xFF,
  0xFF,0xFF,0xFF,0xFF,0xFF,0xFF,0xFF,0xFF,0xFF,0xFF,0xFF,0xFF,0xFF,0xFF,0xFF,0xFF,
  0xFF,0xFF,0xFF,0xFF,0xFF,0xFF,0xFF,0xFF,0xFF,0xFF,0xFF,0xFF,0xFF,0xFF,0xFF,0xFF,
  0x04,0x00,0x02,0xED,0xF7,0xEC,0x20,0x5A,0x20,0x40,0x00,0x00,0x60,0x00,0x00,0x8F,
  0x00,0xA0,0x00,0xC0,0x00,0x00,0x02,0xEC,0xF7,0xEB,0x2F,0xFF,0x10,0x40,0x48,0xF0,
  0x8F,0x00,0xAD,0x00,0x00,0x02,0xE9,0xF7,0xE4,0x2F,0xFF,0xF0,0x4F,0xFF,0x10,0x60,
  0x20,0xF0,0x8F,0x00,0xAD,0x00,0xCB,0x00,0x00,0x02,0xE2,0xF7,0xF0,0x2F,0xFF,0x10,
  0x4F,0xFF,0xF0,0x6F,0xFF,0x10,0x8E,0x00,0xAC,0x00,0xCA,0x00,0x00,0x02,0xE6,0xF7,
  0xF4,0x2F,0xFF,0xF0,0x4F,0xFF,0x10,0x6F,0xFF,0xF0,0x8C,0x00,0xAA,0x00,0xC8,0x00,
  0x00,0x02,0xE9,0xF7,0xFC,0x2F,0xFF,0x10,0x4F,0xFF,0xF0,0x6F,0xFF,0x10,0x8A,0x00,
  0xA8,0x00,0xC6,0x00,0x00,0x02,0xEF,0xF7,0xF4,0x2F,0xFF,0xF0,0x4F,0xFF,0x10,0x6F,
  0xFF,0xF0,0x87,0x00,0xA6,0x00,0xC5,0x00,0x00,0x0A,0xE0,0xFF,0x00,0x20,0x00,0x00,
  0x40,0x00,0x00,0x60,0x00,0x00,0x80,0x00,0xA0,0x00,0xC0,0x00,0x00,0x02,0xEB,0xF7,
  0xF4,0x20,0x2D,0x20,0x40,0x00,0x00,0x60,0x00,0x00,0x8F,0x00,0xA0,0x00,0xC0,0x00,
  0x00,0x02,0xE8,0xF7,0xF6,0x2F,0xFF,0x10,0x40,0x26,0xF0,0x8F,0x00,0xAD,0x00,0x00,
  0x02,0xE4,0xF7,0xF8,0x2F,0xFF,0xF0,0x4F,0xFF,0x10,0x60,0x0D,0xF0,0x8F,0x00,0xAD,
  0x00,0xCB,0x00,0x00,0x02,0xE2,0xF7,0xF0,0x2F,0xFF,0x10,0x4F,0xFF,0xF0,0x6F,0xFF,
  0x10,0x8E,0x00,0xAC,0x00,0xCA,0x00,0x00,0x02,0xE6,0xF7,0xF4,0x2F,0xFF,0xF0,0x4F,
  0xFF,0x10,0x6F,0xFF,0xF0,0x8C,0x00,0xAA,0x00,0xC8,0x00,0x00,0x02,0xE9,0xF7,0xFC,
  0x2F,0xFF,0x10,0x4F,0xFF,0xF0,0x6F,0xFF,0x10,0x8A,0x00,0xA8,0x00,0xC6,0x00,0x00,
  0x02,0xEA,0xF7,0xFC,0x2F,0xFF,0xF0,0x4F,0xFF,0x10,0x6F,0xFF,0xF0,0x87,0x00,0xA6,
  0x00,0xC6,0x00,0x00,0x0A,0xE0,0xFF,0x00,0x20,0x00,0x00,0x40,0x00,0x00,0x60,0x00,
  0x00,0x80,0x00,0xA0,0x00,0xC0,0x00,0x08,0x03,0x1C,0x00,0x05,0x20,0xD6,0xD0,0x40,
  0x00,0x00,0x60,0x00,0x00,0x85,0x00,0xA0,0x00,0xC0,0x00,0x00,0x05,0x2F,0xFF,0x30,
  0x40,0xD6,0xD0,0x86,0x00,0xA6,0x00,0x00,0x06,0x2F,0xFF,0xD0,0x4F,0xFF,0x30,0x60,
  0xD6,0xD0,0x87,0x00,0xA7,0x00,0xC7,0x00,0x00,0x07,0x2F,0xFF,0xD0,0x4F,0xFF,0x30,
  0x6F,0xFF,0xD0,0x88,0x00,0xA8,0x00,0xC8,0x00,0x00,0x08,0x2F,0xFF,0x30,0x4F,0xFF,
  0xD0,0x6F,0xFF,0x30,0x89,0x00,0xA9,0x00,0xC9,0x00,0x00,0x09,0x2F,0xFF,0xD0,0x4F,
  0xFF,0x30,0x6F,0xFF,0xD0,0x8A,0x00,0xAA,0x00,0xCA,0x00,0x00,0x0A,0x2F,0xFF,0x31,
  0x4F,0xFF,0xD0,0x6F,0xFF,0x31,0x8B,0x00,0xAB,0x00,0xCB,0x00,0x00,0x0B,0x2F,0xFF,
  0xD0,0x4F,0xFF,0x31,0x6F,0xFF,0xD0,0x8B,0x00,0xAB,0x00,0xCB,0x00,0x00,0x0C,0x2F,
  0xFF,0x32,0x4F,0xFF,0xD0,0x6F,0xFF,0x32,0x8B,0x00,0xAB,0x00,0xCB,0x00,0x00,0x0D,
  0x2F,0xFF,0xD0,0x4F,0xFF,0x32,0x6F,0xFF,0xD0,0x8B,0x00,0xAB,0x00,0xCB,0x00,0x00,
  0x0E,0x2F,0xFF,0x33,0x4F,0xFF,0xD0,0x6F,0xFF,0x33,0x8B,0x00,0xAB,0x00,0xCB,0x00,
  0x00,0x0F,0x2F,0xFF,0xD0,0x4F,0xFF,0x33,0x6F,0xFF,0xD0,0x8B,0x00,0xAB,0x00,0xCB,
  0x00,0x00,0x10,0x2F,0xFF,0x34,0x4F,0xFF,0xD0,0x6F,0xFF,0x34,0x8B,0x00,0xAB,0x00,
  0xCB,0x00,0x00,0x11,0x2F,0xFF,0xD0,0x4F,0xFF,0x34,0x6F,0xFF,0xD0,0x8B,0x00,0xAB,
  0x00,0xCB,0x00,0x00,0x12,0x2F,0xFF,0x35,0x4F,0xFF,0xD0,0x6F,0xFF,0x35,0x8B,0x00,
  0xAB,0x00,0xCB,0x00,0x00,0x13,0x2F,0xFF,0xD0,0x4F,0xFF,0x35,0x6F,0xFF,0xD0,0x8B,
  0x00,0xAB,0x00,0xCB,0x00,0x00,0x14,0x2F,0xFF,0x36,0x4F,0xFF,0xD0,0x6F,0xFF,0x36,
  0x8A,0x00,0xAA,0x00,0xCA,0x00,0x00,0x15,0x2F,0xFF,0xD0,0x4F,0xFF,0x36,0x6F,0xFF,
  0xD0,0x89,0x00,0xA9,0x00,0xC9,0x00,0x00,0x16,0x2F,0xFF,0x37,0x4F,0xFF,0xD0,0x6F,
  0xFF,0x37,0x88,0x00,0xA8,0x00,0xC8,0x00,0x00,0x17,0x2F,0xFF,0xD0,0x4F,0xFF,0x37,
  0x6F,0xFF,0xD0,0x87,0x00,0xA7,0x00,0xC7,0x00,0x00,0x18,0x2F,0xFF,0x38,0x4F,0xFF,
  0xD0,0x6F,0xFF,0x38,0x86,0x00,0xA6,0x00,0xC6,0x00,0x1C,0x00,0x06,0xFF,0xF7,0xDE,
  0x20,0x8F,0xC0,0x40,0xBF,0xC0,0x60,0x5A,0xC0,0x88,0x30,0xA8,0x30,0xC8,0x30,0x00,
  0x08,0xF6,0xF7,0xF9,0x20,0x1A,0x55,0x40,0x3A,0x55,0x60,0x0D,0x35,0x8B,0x00,0xAB,
  0x00,0xCB,0x00,0x00,0x10,0xEF,0xF7,0xFE,0x20,0x1E,0x9B,0x40,0x42,0x9B,0x60,0x0D,
  0xCB,0x8B,0xEC,0xAB,0xEC,0xCB,0xEC,0x1C,0x00,0x08,0x21,0x68,0xE0,0x40,0xB4,0xE0,
  0x60,0x5A,0xE0,0x8B,0x00,0xAB,0x00,0xCB,0x00,0x00,0x08,0x2F,0xFF,0x20,0x4F,0xFF,
  0x20,0x6F,0xFF,0x20,0x8B,0x00,0xAB,0x00,0xCB,0x00,0x00,0x08,0x2F,0xFF,0xE0,0x4F,
  0xFF,0xE0,0x6F,0xFF,0xE0,0x8B,0x00,0xAB,0x00,0xCB,0x00,0x00,0x08,0x2F,0xFF,0x20,
  0x4F,0xFF,0x20,0x6F,0xFF,0x20,0x8B,0x00,0xAB,0x00,0xCB,0x00,0x00,0x08,0x20,0xD6,
  0xE0,0x40,0x6B,0xE0,0x60,0x35,0xE0,0x8B,0x00,0xAB,0x00,0xCB,0x00,0x00,0x08,0x2F,
  0xFF,0x20,0x4F,0xFF,0x20,0x6F,0xFF,0x20,0x8A,0x00,0xAA,0x00,0xCA,0x00,0x00,0x08,
  0x2F,0xFF,0xE0,0x4F,0xFF,0xE0,0x6F,0xFF,0xE0,0x8A,0x00,0xAA,0x00,0xCA,0x00,0x00,
  0x08,0x2F,0xFF,0x20,0x4F,0xFF,0x20,0x6F,0xFF,0x20,0x8A,0x00,0xAA,0x00,0xCA,0x00,
  0x00,0x08,0x20,0xE2,0xE0,0x40,0x71,0xE0,0x60,0x39,0xE0,0x89,0x00,0xA9,0x00,0xC9,
  0x00,0x00,0x08,0x2F,0xFF,0x20,0x4F,0xFF,0x20,0x6F,0xFF,0x20,0x89,0x00,0xA9,0x00,
  0xC9,0x00,0x00,0x08,0x2F,0xFF,0xE0,0x4F,0xFF,0xE0,0x6F,0xFF,0xE0,0x89,0x00,0xA9,
  0x00,0xC9,0x00,0x00,0x08,0x2F,0xFF,0x20,0x4F,0xFF,0x20,0x6F,0xFF,0x20,0x88,0x00,
  0xA8,0x00,0xC8,0x00,0x00,0x08,0x20,0x71,0xE0,0x40,0x39,0xE0,0x60,0x1C,0xE0,0x88,
  0x00,0xA8,0x00,0xC8,0x00,0x00,0x08,0x2F,0xFF,0x20,0x4F,0xFF,0x20,0x6F,0xFF,0x20,
  0x88,0x00,0xA8,0x00,0xC8,0x00,0x00,0x08,0x2F,0xFF,0xE0,0x4F,0xFF,0xE0,0x6F,0xFF,
  0xE0,0x87,0x00,0xA7,0x00,0xC7,0x00,0x00,0x08,0x2F,0xFF,0x20,0x4F,0xFF,0x20,0x6F,
  0xFF,0x20,0x86,0x00,0xA6,0x00,0xC6,0x00,0x1C,0x04,0x00,0x05,0x20,0x22,0x70,0x40,
  0x47,0x70,0x60,0x1E,0x70,0x88,0x20,0xA8,0x20,0xC8,0x20,0x00,0x01,0x20,0x6B,0x00,
  0x40,0x00,0x00,0x60,0x00,0x00,0x87,0x00,0xA0,0x00,0xC0,0x00,0x08,0x02,0x04,0x00,
  0x08,0x20,0x5A,0x50,0x40,0x57,0x50,0x60,0x32,0x50,0x8A,0x08,0xAA,0x08,0xCA,0x08,
  0x00,0x01,0x20,0x6B,0x00,0x40,0x00,0x00,0x60,0x00,0x00,0x8B,0x00,0xA0,0x00,0xC0,
  0x00,0x08,0x02,0x04,0x00,0x05,0x20,0x5F,0x60,0x40,0x5A,0x60,0x60,0x35,0x60,0x8A,
  0x00,0xAA,0x00,0xCA,0x00,0x00,0x01,0x20,0x6B,0x00,0x40,0x00,0x00,0x60,0x00,0x00,
  0x8A,0x00,0xA0,0x00,0xC0,0x00,0x08,0x02,0x04,0x00,0x05,0x20,0x3A,0x70,0x40,0x6B,
  0x70,0x60,0x40,0x70,0x8A,0x00,0xAA,0x00,0xCA,0x00,0x00,0x01,0x20,0x6B,0x00,0x40,
  0x00,0x00,0x60,0x00,0x00,0x89,0x00,0xA0,0x00,0xC0,0x00,0x08,0x02,0x04,0x00,0x05,
  0x20,0x3C,0x70,0x40,0x75,0x70,0x60,0x43,0x70,0x89,0x00,0xA9,0x00,0xC9,0x00,0x00,
  0x01,0x20,0x6B,0x00,0x40,0x00,0x00,0x60,0x00,0x00,0x89,0x00,0xA0,0x00,0xC0,0x00,
  0x08,0x02,0x04,0x00,0x05,0x20,0x41,0x70,0x40,0x78,0x70,0x60,0x47,0x70,0x88,0x00,
  0xA8,0x00,0xC8,0x00,0x00,0x01,0x20,0x6B,0x00,0x40,0x00,0x00,0x60,0x00,0x00,0x88,
  0x00,0xA0,0x00,0xC0,0x00,0x08,0x02,0x1C,0xFF,0xFF,0xFF,0xFF,0xFF,0xFF,0xFF,0xFF,
  0xFF,0xFF,0xFF,0xFF,0xFF,0xFF,0xFF,0xFF,0xFF,0xFF,0xFF,0xFF,0xFF,0xFF,0xFF,0xFF,
  0xFF,0xFF,0xFF,0xFF,0xFF,0xFF,0xFF,0xFF,0xFF,0xFF,0xFF,0xFF,0xFF,0xFF,0xFF,0xFF,
  0xFF,0xFF,0xFF,0xFF,0xFF,0xFF,0xFF,0xFF,0xFF,0xFF,0xFF,0xFF,0xFF,0xFF,0xFF,0xFF,
  0xFF,0xFF,0xFF,0xFF,0xFF,0xFF,0xFF,0xFF,0xFF,0xFF,0xFF,0xFF,0xFF,0xFF,0xFF,0xFF,
  0xFF,0xFF,0xFF,0xFF,0xFF,0xFF,0xFF,0xFF,0xFF,0xFF,0xFF,0xFF,0xFF,0xFF,0xFF,0xFF,
  0xFF,0xFF,0xFF,0xFF,0xFF,0xFF,0xFF,0xFF,0xFF,0xFF,0xFF,0xFF,0xFF,0xFF,0xFF,0xFF,
  0xFF,0xFF,0xFF,0xFF,0xFF,0xFF,0xFF,0xFF,0xFF,0xFF,0xFF,0xFF,0xFF,0xFF,0xFF,0xFF,
  0xFF,0xFF,0xFF,0xFF,0xFF,0xFF,0xFF,0xFF,0xFF,0xFF,0xFF,0xFF,0xFF,0xFF,0xFF,0xFF,
  0xFF,0xFF,0xFF,0xFF,0xFF,0xFF,0xFF,0xFF,0xFF,0xFF,0xFF,0xFF,0xFF,0xFF,0xFF,0xFF,
  0xFF,0xFF,0xFF,0xFF,0xFF,0xFF,0xFF,0xFF,0xFF,0xFF,0xFF,0xFF,0xFF,0xFF,0xFF,0xFF,
  0xFF,0xFF,0xFF,0xFF,0xFF,0xFF,0xFF,0xFF,0xFF,0xFF,0xFF,0xFF,0xFF,0xFF,0xFF,0xFF,
  0xFF,0xFF,0xFF,0xFF,0xFF,0xFF,0xFF,0xFF,0xFF,0xFF,0xFF,0xFF,0xFF,0xFF,0xFF,0xFF,
  0xFF,0xFF,0xFF,0xFF,0xFF,0xFF,0xFF,0xFF,0xFF,0xFF,0xFF,0xFF,0xFF,0xFF,0xFF,0xFF,
  0xFF,0xFF,0xFF,0xFF,0xFF,0xFF,0xFF,0xFF,0xFF,0xFF,0xFF,0xFF,0xFF,0xFF,0xFF,0xFF,
  0xFF,0xFF,0xFF,0xFF,0xFF,0xFF,0xFF,0xFF,0xFF,0xFF,0xFF,0xFF,0xFF,0xFF,0xFF,0xFF,
  0xFF,0xFF,0xFF,0xFF,0xFF,0xFF,0xFF,0xFF,0xFF,0xFF,0xFF,0xFF,0xFF,0xFF,0xFF,0xFF,
  0xFF,0xFF,0xFF,0xFF,0xFF,0xFF,0xFF,0xFF,0xFF,0xFF,0xFF,0xFF,0xFF,0xFF,0xFF,0xFF,
  0xFF,0xFF,0xFF,0xFF,0xFF,0xFF,0xFF,0xFF,0xFF,0xFF,0xFF,0xFF,0xFF,0xFF,0xFF,0xFF,
  0xFF,0xFF,0xFF,0xFF,0xFF,0xFF,0xFF,0xFF,0xFF,0xFF,0xFF,0xFF,0xFF,0xFF,0xFF,0xFF,
  0xFF,0xFF,0xFF,0xFF,0xFF,0xFF,0xFF,0xFF,0xFF,0xFF,0xFF,0xFF,0xFF,0xFF,0xFF,0xFF,
  0xFF,0xFF,0xFF,0xFF,0xFF,0xFF,0xFF,0xFF,0xFF,0xFF,0xFF,0xFF,0xFF,0xFF,0xFF,0xFF,
  0xFF,0xFF,0xFF,0xFF,0xFF,0xFF,0xFF,0xFF,0xFF,0xFF,0xFF,0xFF,0xFF,0xFF,0xFF,0xFF,
  0xFF,0xFF,0xFF,0xFF,0xFF,0xFF,0xFF,0xFF,0xFF,0xFF,0xFF,0xFF,0xFF,0xFF,0xFF,0xFF,
  0xFF,0xFF,0xFF,0xFF,0xFF,0xFF,0xFF,0xFF,0xFF,0xFF,0xFF,0xFF,0xFF,0xFF,0xFF,0xFF,
  0xFF,0xFF,0xFF,0xFF,0xFF,0xFF,0xFF,0xFF,0xFF,0xFF,0xFF,0xFF,0xFF,0xFF,0xFF,0xFF,
  0xFF,0xFF,0xFF,0xFF,0xFF,0xFF,0xFF,0xFF,0xFF,0xFF,0xFF,0xFF,0xFF,0xFF,0xFF,0xFF,
  0xFF,0xFF,0xFF,0xFF,0xFF,0xFF,0xFF,0xFF,0xFF,0xFF,0xFF,0xFF,0xFF,0xFF,0xFF,0xFF,
  0xFF,0xFF,0xFF,0xFF,0xFF,0xFF,0xFF,0xFF,0xFF,0xFF,0xFF,0xFF,0xFF,0xFF,0xFF,0xFF,
  0xFF,0xFF,0xFF,0xFF,0xFF,0xFF,0xFF,0xFF,0xFF,0xFF,0xFF,0xFF,0xFF,0xFF,0xFF,0xFF,
  0xFF,0xFF,0xFF,0xFF,0xFF,0xFF,0xFF,0xFF,0xFF,0xFF,0xFF,0xFF,0xFF,0xFF,0xFF,0xFF,
  0xFF,0xFF,0xFF,0xFF,0xFF,0xFF,0xFF,0xFF,0xFF,0xFF,0xFF,0xFF,0xFF,0xFF,0xFF,0xFF,
  0xFF,0xFF,0xFF,0xFF,0xFF,0xFF,0xFF,0xFF,0xFF,0xFF,0xFF,0xFF,0xFF,0xFF,0xFF,0xFF,
  0xFF,0xFF,0xFF,0xFF,0xFF,0xFF,0xFF,0xFF,0xFF,0xFF,0xFF,0xFF,0xFF,0xFF,0xFF,0xFF,
  0xFF,0xFF,0xFF,0xFF,0xFF,0xFF,0xFF,0xFF,0xFF,0xFF,0xFF,0xFF,0xFF,0xFF,0xFF,0xFF,
  0xFF,0xFF,0xFF,0xFF,0xFF,0xFF,0xFF,0xFF,0xFF,0xFF,0xFF,0xFF,0xFF,0xFF,0xFF,0xFF,
  0xFF,0xFF,0xFF,0xFF,0xFF,0xFF,0xFF,0xFF,0xFF,0xFF,0xFF,0xFF,0xFF,0xFF,0xFF,0xFF,
  0xFF,0xFF,0xFF,0xFF,0xFF,0xFF,0xFF,0xFF,0xFF,0xFF,0xFF,0xFF,0xFF,0xFF,0xFF,0xFF,
  0xFF,0xFF,0xFF,0xFF,0xFF,0xFF,0xFF,0xFF,0xFF,0xFF,0xFF,0xFF,0xFF,0xFF,0xFF,0xFF,
  0xFF,0xFF,0xFF,0xFF,0xFF,0xFF,0xFF,0xFF,0xFF,0xFF,0xFF,0xFF,0xFF,0xFF,0xFF,0xFF,
  0xFF,0xFF,0xFF,0xFF,0xFF,0xFF,0xFF,0xFF,0xFF,0xFF,0xFF,0xFF,0xFF,0xFF,0xFF,0xFF,
  0xFF,0xFF,0xFF,0xFF,0xFF,0xFF,0xFF,0xFF,0xFF,0xFF,0xFF,0xFF,0xFF,0xFF,0xFF,0xFF,
  0xFF,0xFF,0xFF,0xFF,0xFF,0xFF,0xFF,0xFF,0xFF,0xFF,0xFF,0xFF,0xFF,0xFF,0xFF,0xFF,
  0xFF,0xFF,0xFF,0xFF,0xFF,0xFF,0xFF,0xFF,0xFF,0xFF,0xFF,0xFF,0xFF,0xFF,0xFF,0xFF,
  0xFF,0xFF,0xFF,0xFF,0xFF,0xFF,0xFF,0xFF,0xFF,0xFF,0xFF,0xFF,0xFF,0xFF,0xFF,0xFF,
  0xFF,0xFF,0xFF,0xFF,0xFF,0xFF,0xFF,0xFF,0xFF,0xFF,0xFF,0xFF,0xFF,0xFF,0xFF,0xFF,
  0xFF,0xFF,0xFF,0xFF,0xFF,0xFF,0xFF,0xFF,0xFF,0xFF,0xFF,0xFF,0xFF,0xFF,0xFF,0xFF,
  0xFF,0xFF,0xFF,0xFF,0xFF,0xFF,0xFF,0xFF,0xFF,0xFF,0xFF,0xFF,0xFF,0xFF,0xFF,0xFF,
  0xFF,0xFF,0xFF,0xFF,0xFF,0xFF,0xFF,0xFF,0xFF,0xFF,0xFF,0xFF,0xFF,0xFF,0xFF,0xFF,
  0xFF,0xFF,0xFF,0xFF,0xFF,0xFF,0xFF,0xFF,0xFF,0xFF,0xFF,0xFF,0xFF,0xFF,0xFF,0xFF,
  0xFF,0xFF,0xFF,0xFF,0xFF,0xFF,0xFF,0xFF,0xFF,0xFF,0xFF,0xFF,0xFF,0xFF,0xFF,0xFF,
  0xFF,0xFF,0xFF,0xFF,0xFF,0xFF,0xFF,0xFF,0xFF,0xFF,0xFF,0xFF,0xFF,0xFF,0xFF,0xFF,
  0xFF,0xFF,0xFF,0xFF,0xFF,0xFF,0xFF,0xFF,0xFF,0xFF,0xFF,0xFF,0xFF,0xFF,0xFF,0xFF,
  0xFF,0xFF,0xFF,0xFF,0xFF,0xFF,0xFF,0xFF,0xFF,0xFF,0xFF,0xFF,0xFF,0xFF,0xFF,0xFF,
  0xFF,0xFF,0xFF,0xFF,0xFF,0xFF,0xFF,0xFF,0xFF,0xFF,0xFF,0xFF,0xFF,0xFF,0xFF,0xFF,
  0xFF,0xFF,0xFF,0xFF,0xFF,0xFF,0xFF,0xFF,0xFF,0xFF,0xFF,0xFF,0xFF,0xFF,0xFF,0xFF,
  0xFF,0xFF,0xFF,0xFF,0xFF,0xFF,0xFF,0xFF,0xFF,0xFF,0xFF,0xFF,0xFF,0xFF,0xFF,0xFF,
  0xFF,0xFF,0xFF,0xFF,0xFF,0xFF,0xFF,0xFF,0xFF,0xFF,0xFF,0xFF,0xFF,0xFF,0xFF,0xFF,
  0xFF,0xFF,0xFF,0xFF,0xFF,0xFF,0xFF,0xFF,0xFF,0xFF,0xFF,0xFF,0xFF,0xFF,0xFF,0xFF,
  0xFF,0xFF,0xFF,0xFF,0xFF,0xFF,0xFF,0xFF,0xFF,0xFF,0xFF,0xFF,0xFF,0xFF,0xFF,0xFF,
  0xFF,0xFF,0xFF,0xFF,0xFF,0xFF,0xFF,0xFF,0xFF,0xFF,0xFF,0xFF,0xFF,0xFF,0xFF,0xFF,
  0xFF,0xFF,0xFF,0xFF,0xFF,0xFF,0xFF,0xFF,0xFF,0xFF,0xFF,0xFF,0xFF,0xFF,0xFF,0xFF,
  0xFF,0xFF,0xFF,0xFF,0xFF,0xFF,0xFF,0xFF,0xFF,0xFF,0xFF,0xFF,0xFF,0xFF,0xFF,0xFF,
  0xFF,0xFF,0xFF,0xFF,0xFF,0xFF,0xFF,0xFF,0xFF,0xFF,0xFF,0xFF,0xFF,0xFF,0xFF,0xFF,
  0xFF,0xFF,0xFF,0xFF,0xFF,0xFF,0xFF,0xFF,0xFF,0xFF,0xFF,0xFF,0xFF,0xFF,0xFF,0xFF,
  0xFF,0xFF,0xFF,0xFF,0xFF,0xFF,0xFF,0xFF,0xFF,0xFF,0xFF,0xFF,0xFF,0xFF,0xFF,0xFF,
  0xFF,0xFF,0xFF,0xFF,0xFF,0xFF,0xFF,0xFF,0xFF,0xFF,0xFF,0xFF,0xFF,0xFF,0xFF,0xFF,
  0xFF,0xFF,0xFF,0xFF,0xFF,0xFF,0xFF,0xFF,0xFF,0xFF,0xFF,0xFF,0xFF,0xFF,0xFF,0xFF,
  0xFF,0xFF,0xFF,0xFF,0xFF,0xFF,0xFF,0xFF,0xFF,0xFF,0xFF,0xFF,0xFF,0xFF,0xFF,0xFF,
  0xFF,0xFF,0xFF,0xFF,0xFF,0xFF,0xFF,0xFF,0xFF,0xFF,0xFF,0xFF,0xFF,0xFF,0xFF,0xFF,
  0xFF,0xFF,0xFF,0xFF,0xFF,0xFF,0xFF,0xFF,0xFF,0xFF,0xFF,0xFF,0xFF,0xFF,0xFF,0xFF,
  0xFF,0xFF,0xFF,0xFF,0xFF,0xFF,0xFF,0xFF,0xFF,0xFF,0xFF,0xFF,0xFF,0xFF,0xFF,0xFF,
  0xFF,0xFF,0xFF,0xFF,0xFF,0xFF,0xFF,0xFF,0xFF,0xFF,0xFF,0xFF,0xFF,0xFF,0xFF,0xFF,
  0xFF,0xFF,0xFF,0xFF,0xFF,0xFF,0xFF,0xFF,0xFF,0xFF,0xFF,0xFF,0xFF,0xFF,0xFF,0xFF,
  0xFF,0xFF,0xFF,0xFF,0xFF,0xFF,0xFF,0xFF,0xFF,0xFF,0xFF,0xFF,0xFF,0xFF,0xFF,0xFF,
  0xFF,0xFF,0xFF,0xFF,0xFF,0xFF,0xFF,0xFF,0xFF,0xFF,0xFF,0xFF,0xFF,0xFF,0xFF,0xFF,
  0xFF,0xFF,0xFF,0xFF,0xFF,0xFF,0xFF,0xFF,0xFF,0xFF,0xFF,0xFF,0xFF,0xFF,0xFF,0xFF,
  0xFF,0xFF,0xFF,0xFF,0xFF,0xFF,0xFF,0xFF,0xFF,0xFF,0xFF,0xFF,0xFF,0xFF,0xFF,0xFF,
  0xFF,0xFF,0xFF,0xFF,0xFF,0xFF,0xFF,0xFF,0xFF,0xFF,0xFF,0xFF,0xFF,0xFF,0xFF,0xFF,
  0xFF,0xFF,0xFF,0xFF,0xFF,0xFF,0xFF,0xFF,0xFF,0xFF,0xFF,0xFF,0xFF,0xFF,0xFF,0xFF,
  0xFF,0xFF,0xFF,0xFF,0xFF,0xFF,0xFF,0xFF,0xFF,0xFF,0xFF,0xFF,0xFF,0xFF,0xFF,0xFF,
  0xFF,0xFF,0xFF,0xFF,0xFF,0xFF,0xFF,0xFF,0xFF,0xFF,0xFF,0xFF,0xFF,0xFF,0xFF,0xFF,
  0xFF,0xFF,0xFF,0xFF,0xFF,0xFF,0xFF,0xFF,0xFF,0xFF,0xFF,0xFF,0xFF,0xFF,0xFF,0xFF,
  0xFF,0xFF,0xFF,0xFF,0xFF,0xFF,0xFF,0xFF,0xFF,0xFF,0xFF,0xFF,0xFF,0xFF,0xFF,0xFF,
  0xFF,0xFF,0xFF,0xFF,0xFF,0xFF,0xFF,0xFF,0xFF,0xFF,0xFF,0xFF,0xFF,0xFF,0xFF,0xFF,
  0xFF,0xFF,0xFF,0xFF,0xFF,0xFF,0xFF,0xFF,0xFF,0xFF,0xFF,0xFF,0xFF,0xFF,0xFF,0xFF,
  0xFF,0xFF,0xFF,0xFF,0xFF,0xFF,0xFF,0xFF,0xFF,0xFF,0xFF,0xFF,0xFF,0xFF,0xFF,0xFF,
  0xFF,0xFF,0xFF,0xFF,0xFF,0xFF,0xFF,0xFF,0xFF,0xFF,0xFF,0xFF,0xFF,0xFF,0xFF,0xFF,
  0xFF,0xFF,0xFF,0xFF,0xFF,0xFF,0xFF,0xFF,0xFF,0xFF,0xFF,0xFF,0xFF,0xFF,0xFF,0xFF,
  0xFF,0xFF,0xFF,0xFF,0xFF,0xFF,0xFF,0xFF,0xFF,0xFF,0xFF,0xFF,0xFF,0xFF,0xFF,0xFF,
  0xFF,0xFF,0xFF,0xFF,0xFF,0xFF,0xFF,0xFF,0xFF,0xFF,0xFF,0xFF,0xFF,0xFF,0xFF,0xFF,
  0xFF,0xFF,0xFF,0xFF,0xFF,0xFF,0xFF,0xFF,0xFF,0xFF,0xFF,0xFF,0xFF,0xFF,0xFF,0xFF,
  0xFF,0xFF,0xFF,0xFF,0xFF,0xFF,0xFF,0xFF,0xFF,0xFF,0xFF,0xFF,0xFF,0xFF,0xFF,0xFF,
  0xFF,0xFF,0xFF,0xFF,0xFF,0xFF,0xFF,0xFF,0xFF,0xFF,0xFF,0xFF,0xFF,0xFF,0xFF,0xFF,
  0xFF,0xFF,0xFF,0xFF,0xFF,0xFF,0xFF,0xFF,0xFF,0xFF,0xFF,0xFF,0xFF,0xFF,0xFF,0xFF,
  0xFF,0xFF,0xFF,0xFF,0xFF,0xFF,0xFF,0xFF,0xFF,0xFF,0xFF,0xFF,0xFF,0xFF,0xFF,0xFF,
  0xFF,0xFF,0xFF,0xFF,0xFF,0xFF,0xFF,0xFF,0xFF,0xFF,0xFF,0xFF,0xFF,0xFF,0xFF,0xFF,
  0xFF,0xFF,0xFF,0xFF,0xFF,0xFF,0xFF,0xFF,0xFF,0xFF,0xFF,0xFF,0xFF,0xFF,0xFF,0xFF,
  0xFF,0xFF,0xFF,0xFF,0xFF,0xFF,0xFF,0xFF,0xFF,0xFF,0xFF,0xFF,0xFF,0xFF,0xFF,0xFF,
  0xFF,0xFF,0xFF,0xFF,0xFF,0xFF,0xFF,0xFF,0xFF,0xFF,0xFF,0xFF,0xFF,0xFF,0xFF,0xFF,
  0xFF,0xFF,0xFF,0xFF,0xFF,0xFF,0xFF,0xFF,0xFF,0xFF,0xFF,0xFF,0xFF,0xFF,0xFF,0xFF,
  0xFF,0xFF,0xFF,0xFF,0xFF,0xFF,0xFF,0xFF,0xFF,0xFF,0xFF,0xFF,0xFF,0xFF,0xFF,0xFF,
  0xFF,0xFF,0xFF,0xFF,0xFF,0xFF,0xFF,0xFF,0xFF,0xFF,0xFF,0xFF,0xFF,0xFF,0xFF,0xFF,
  0xFF,0xFF,0xFF,0xFF,0xFF,0xFF,0xFF,0xFF,0xFF,0xFF,0xFF,0xFF,0xFF,0xFF,0xFF,0xFF,
  0xFF,0xFF,0xFF,0xFF,0xFF,0xFF,0xFF,0xFF,0xFF,0xFF,0xFF,0xFF,0xFF,0xFF,0xFF,0xFF,
  0xFF,0xFF,0xFF,0xFF,0xFF,0xFF,0xFF,0xFF,0xFF,0xFF,0xFF,0xFF,0xFF,0xFF,0xFF,0xFF,
  0xFF,0xFF,0xFF,0xFF,0xFF,0xFF,0xFF,0xFF,0xFF,0xFF,0xFF,0xFF,0xFF,0xFF,0xFF,0xFF,
  0xFF,0xFF,0xFF,0xFF,0xFF,0xFF,0xFF,0xFF,0xFF,0xFF,0xFF,0xFF,0xFF,0xFF,0xFF,0xFF,
  0xFF,0xFF,0xFF,0xFF,0xFF,0xFF,0xFF,0xFF,0xFF,0xFF,0xFF,0xFF,0xFF,0xFF,0xFF,0xFF,
  0xFF,0xFF,0xFF,0xFF,0xFF,0xFF,0xFF,0xFF,0xFF,0xFF,0xFF,0xFF,0xFF,0xFF,0xFF,0xFF,
  0xFF,0xFF,0xFF,0xFF,0xFF,0xFF,0xFF,0xFF,0xFF,0xFF,0xFF,0xFF,0xFF,0xFF,0xFF,0xFF,
  0xFF,0xFF,0xFF,0xFF,0xFF,0xFF,0xFF,0xFF,0xFF,0xFF,0xFF,0xFF,0xFF,0xFF,0xFF,0xFF,
  0xFF,0xFF,0xFF,0xFF,0xFF,0xFF,0xFF,0xFF,0xFF,0xFF,0xFF,0xFF,0xFF,0xFF,0xFF,0xFF,
  0xFF,0xFF,0xFF,0xFF,0xFF,0xFF,0xFF,0xFF,0xFF,0xFF,0xFF,0xFF,0xFF,0xFF,0xFF,0xFF,
  0xFF,0xFF,0xFF,0xFF,0xFF,0xFF,0xFF,0xFF,0xFF,0xFF,0xFF,0xFF,0xFF,0xFF,0xFF,0xFF,
  0xFF,0xFF,0xFF,0xFF,0xFF,0xFF,0xFF,0xFF,0xFF,0xFF,0xFF,0xFF,0xFF,0xFF,0xFF,0xFF,
  0xFF,0xFF,0xFF,0xFF,0xFF,0xFF,0xFF,0xFF,0xFF,0xFF,0xFF,0xFF,0xFF,0xFF,0xFF,0xFF,
  0xFF,0xFF,0xFF,0xFF,0xFF,0xFF,0xFF,0xFF,0xFF,0xFF,0xFF,0xFF,0xFF,0xFF,0xFF,0xFF,
  0xFF,0xFF,0xFF,0xFF,0xFF,0xFF,0xFF,0xFF,0xFF,0xFF,0xFF,0xFF,0xFF,0xFF,0xFF,0xFF,
  0xFF,0xFF,0xFF,0xFF,0xFF,0xFF,0xFF,0xFF,0xFF,0xFF,0xFF,0xFF,0xFF,0xFF,0xFF,0xFF,
  0xFF,0xFF,0xFF,0xFF,0xFF,0xFF,0xFF,0xFF,0xFF,0xFF,0xFF,0xFF,0xFF,0xFF,0xFF,0xFF,
  0xFF,0xFF,0xFF,0xFF,0xFF,0xFF,0xFF,0xFF,0xFF,0xFF,0xFF,0xFF,0xFF,0xFF,0xFF,0xFF,
  0xFF,0xFF,0xFF,0xFF,0xFF,0xFF,0xFF,0xFF,0xFF,0xFF,0xFF,0xFF,0xFF,0xFF,0xFF,0xFF,
  0xFF,0xFF,0xFF,0xFF,0xFF,0xFF,0xFF,0xFF,0xFF,0xFF,0xFF,0xFF,0xFF,0xFF,0xFF,0xFF,
  0xFF,0xFF,0xFF,0xFF,0xFF,0xFF,0xFF,0xFF,0xFF,0xFF,0xFF,0xFF,0xFF,0xFF,0xFF,0xFF,
  0xFF,0xFF,0xFF,0xFF,0xFF,0xFF,0xFF,0xFF,0xFF,0xFF,0xFF,0xFF,0xFF,0xFF,0xFF,0xFF,
  0xFF,0xFF,0xFF,0xFF,0xFF,0xFF,0xFF,0xFF,0xFF,0xFF,0xFF,0xFF,0xFF,0xFF,0xFF,0xFF,
  0xFF,0xFF,0xFF,0xFF,0xFF,0xFF,0xFF,0xFF,0xFF,0xFF,0xFF,0xFF,0xFF,0xFF,0xFF,0xFF,
  0xFF,0xFF,0xFF,0xFF,0xFF,0xFF,0xFF,0xFF,0xFF,0xFF,0xFF,0xFF,0xFF,0xFF,0xFF,0xFF,
  0xFF,0xFF,0xFF,0xFF,0xFF,0xFF,0xFF,0xFF,0xFF,0xFF,0xFF,0xFF,0xFF,0xFF,0xFF,0xFF,
  0xFF,0xFF,0xFF,0xFF,0xFF,0xFF,0xFF,0xFF,0xFF,0xFF,0xFF,0xFF,0xFF,0xFF,0xFF,0xFF,
  0xFF,0xFF,0xFF,0xFF,0xFF,0xFF,0xFF,0xFF,0xFF,0xFF,0xFF,0xFF,0xFF,0xFF,0xFF,0xFF,
  0xFF,0xFF,0xFF,0xFF,0xFF,0xFF,0xFF,0xFF,0xFF,0xFF,0xFF,0xFF,0xFF,0xFF,0xFF,0xFF,
  0xFF,0xFF,0xFF,0xFF,0xFF,0xFF,0xFF,0xFF,0xFF,0xFF,0xFF,0xFF,0xFF,0xFF,0xFF,0xFF,
  0xFF,0xFF,0xFF,0xFF,0xFF,0xFF,0xFF,0xFF,0xFF,0xFF,0xFF,0xFF,0xFF,0xFF,0xFF,0xFF,
  0xFF,0xFF,0xFF,0xFF,0xFF,0xFF,0xFF,0xFF,0xFF,0xFF,0xFF,0xFF,0xFF,0xFF,0xFF,0xFF,
  0xFF,0xFF,0xFF,0xFF,0xFF,0xFF,0xFF,0xFF,0xFF,0xFF,0xFF,0xFF,0xFF,0xFF,0xFF,0xFF,
  0xFF,0xFF,0xFF,0xFF,0xFF,0xFF,0xFF,0xFF,0xFF,0xFF,0xFF,0xFF,0xFF,0xFF,0xFF,0xFF,
  0xFF,0xFF,0xFF,0xFF,0xFF,0xFF,0xFF,0xFF,0xFF,0xFF,0xFF,0xFF,0xFF,0xFF,0xFF,0xFF,
  0xFF,0xFF,0xFF,0xFF,0xFF,0xFF,0xFF,0xFF,0xFF,0xFF,0xFF,0xFF,0xFF,0xFF,0xFF,0xFF,
  0xFF,0xFF,0xFF,0xFF,0xFF,0xFF,0xFF,0xFF,0xFF,0xFF,0xFF,0xFF,0xFF,0xFF,0xFF,0xFF,
  0xFF,0xFF,0xFF,0xFF,0xFF,0xFF,0xFF,0xFF,0xFF,0xFF,0xFF,0xFF,0xFF,0xFF,0xFF,0xFF,
  0xFF,0xFF,0xFF,0xFF,0xFF,0xFF,0xFF,0xFF,0xFF,0xFF,0xFF,0xFF,0xFF,0xFF,0xFF,0xFF,
  0xFF,0xFF,0xFF,0xFF,0xFF,0xFF,0xFF,0xFF,0xFF,0xFF,0xFF,0xFF,0xFF,0xFF,0xFF,0xFF,
  0xFF,0xFF,0xFF,0xFF,0xFF,0xFF,0xFF,0xFF,0xFF,0xFF,0xFF,0xFF,0xFF,0xFF,0xFF,0xFF,
  0xFF,0xFF,0xFF,0xFF,0xFF,0xFF,0xFF,0xFF,0xFF,0xFF,0xFF,0xFF,0xFF,0xFF,0xFF,0xFF,
  0xFF,0xFF,0xFF,0xFF,0xFF,0xFF,0xFF,0xFF,0xFF,0xFF,0xFF,0xFF,0xFF,0xFF,0xFF,0xFF,
  0xFF,0xFF,0xFF,0xFF,0xFF,0xFF,0xFF,0xFF,0xFF,0xFF,0xFF,0xFF,0xFF,0xFF,0xFF,0xFF,
  0xFF,0xFF,0xFF,0xFF,0xFF,0xFF,0xFF,0xFF,0xFF,0xFF,0xFF,0xFF,0xFF,0xFF,0xFF,0xFF,
  0xFF,0xFF,0xFF,0xFF,0xFF,0xFF,0xFF,0xFF,0xFF,0xFF,0xFF,0xFF,0xFF,0xFF,0xFF,0xFF,
  0xFF,0xFF,0xFF,0xFF,0xFF,0xFF,0xFF,0xFF,0xFF,0xFF,0xFF,0xFF,0xFF,0xFF,0xFF,0xFF,
  0xFF,0xFF,0xFF,0xFF,0xFF,0xFF,0xFF,0xFF,0xFF,0xFF,0xFF,0xFF,0xFF,0xFF,0xFF,0xFF,
  0xFF,0xFF,0xFF,0xFF,0xFF,0xFF,0xFF,0xFF,0xFF,0xFF,0xFF,0xFF,0xFF,0xFF,0xFF,0xFF,
  0xFF,0xFF,0xFF,0xFF,0xFF,0xFF,0xFF,0xFF,0xFF,0xFF,0xFF,0xFF,0xFF,0xFF,0xFF,0xFF,
  0xFF,0xFF,0xFF,0xFF,0xFF,0xFF,0xFF,0xFF,0xFF,0xFF,0xFF,0xFF,0xFF,0xFF,0xFF,0xFF,
  0xFF,0xFF,0xFF,0xFF,0xFF,0xFF,0xFF,0xFF,0xFF,0xFF,0xFF,0xFF,0xFF,0xFF,0xFF,0xFF,
  0xFF,0xFF,0xFF,0xFF,0xFF,0xFF,0xFF,0xFF,0xFF,0xFF,0xFF,0xFF,0xFF,0xFF,0xFF,0xFF,
  0xFF,0xFF,0xFF,0xFF,0xFF,0xFF,0xFF,0xFF,0xFF,0xFF,0xFF,0xFF,0xFF,0xFF,0xFF,0xFF,
  0xFF,0xFF,0xFF,0xFF,0xFF,0xFF,0xFF,0xFF,0xFF,0xFF,0xFF,0xFF,0xFF,0xFF,0xFF,0xFF,
  0xFF,0xFF,0xFF,0xFF,0xFF,0xFF,0xFF,0xFF,0xFF,0xFF,0xFF,0xFF,0xFF,0xFF,0xFF,0xFF,
  0xFF,0xFF,0xFF,0xFF,0xFF,0xFF,0xFF,0xFF,0xFF,0xFF,0xFF,0xFF,0xFF,0xFF,0xFF,0xFF,
  0xFF,0xFF,0xFF,0xFF,0xFF,0xFF,0xFF,0xFF,0xFF,0xFF,0xFF,0xFF,0xFF,0xFF,0xFF,0xFF,
  0xFF,0xFF,0xFF,0xFF,0xFF,0xFF,0xFF,0xFF,0xFF,0xFF,0xFF,0xFF,0xFF,0xFF,0xFF,0xFF,
  0xFF,0xFF,0xFF,0xFF,0xFF,0xFF,0xFF,0xFF,0xFF,0xFF,0xFF,0xFF,0xFF,0xFF,0xFF,0xFF,
  0xFF,0xFF,0xFF,0xFF,0xFF,0xFF,0xFF,0xFF,0xFF,0xFF,0xFF,0xFF,0xFF,0xFF,0xFF,0xFF,
  0xFF,0xFF,0xFF,0xFF,0xFF,0xFF,0xFF,0xFF,0xFF,0xFF,0xFF,0xFF,0xFF,0xFF,0xFF,0xFF,
  0xFF,0xFF,0xFF,0xFF,0xFF,0xFF,0xFF,0xFF,0xFF,0xFF,0xFF,0xFF,0xFF,0xFF,0xFF,0xFF,
  0xFF,0xFF,0xFF,0xFF,0xFF,0xFF,0xFF,0xFF,0xFF,0xFF,0xFF,0xFF,0xFF,0xFF,0xFF,0xFF,
  0xFF,0xFF,0xFF,0xFF,0xFF,0xFF,0xFF,0xFF,0xFF,0xFF,0xFF,0xFF,0xFF,0xFF,0xFF,0xFF,
  0xFF,0xFF,0xFF,0xFF,0xFF,0xFF,0xFF,0xFF,0xFF,0xFF,0xFF,0xFF,0xFF,0xFF,0xFF,0xFF,
  0xFF,0xFF,0xFF,0xFF,0xFF,0xFF,0xFF,0xFF,0xFF,0xFF,0xFF,0xFF,0xFF,0xFF,0xFF,0xFF,
  0xFF,0xFF,0xFF,0xFF,0xFF,0xFF,0xFF,0xFF,0xFF,0xFF,0xFF,0xFF,0xFF,0xFF,0xFF,0xFF,
  0xFF,0xFF,0xFF,0xFF,0xFF,0xFF,0xFF,0xFF,0xFF,0xFF,0xFF,0xFF,0xFF,0xFF,0xFF,0xFF,
  0xFF,0xFF,0xFF,0xFF,0xFF,0xFF,0xFF,0xFF,0xFF,0xFF,0xFF,0xFF,0xFF,0xFF,0xFF,0xFF,
  0xFF,0xFF,0xFF,0xFF,0xFF,0xFF,0xFF,0xFF,0xFF,0xFF,0xFF,0xFF,0xFF,0xFF,0xFF,0xFF,
  0xFF,0xFF,0xFF,0xFF,0xFF,0xFF,0xFF,0xFF,0xFF,0xFF,0xFF,0xFF,0xFF,0xFF,0xFF,0xFF,
  0xFF,0xFF,0xFF,0xFF,0xFF,0xFF,0xFF,0xFF,0xFF,0xFF,0xFF,0xFF,0xFF,0xFF,0xFF,0xFF,
  0xFF,0xFF,0xFF,0xFF,0xFF,0xFF,0xFF,0xFF,0xFF,0xFF,0xFF,0xFF,0xFF,0xFF,0xFF,0xFF,
  0xFF,0xFF,0xFF,0xFF,0xFF,0xFF,0xFF,0xFF,0xFF,0xFF,0xFF,0xFF,0xFF,0xFF,0xFF,0xFF,
  0xFF,0xFF,0xFF,0xFF,0xFF,0xFF,0xFF,0xFF,0xFF,0xFF,0xFF,0xFF,0xFF,0xFF,0xFF,0xFF,
  0xFF,0xFF,0xFF,0xFF,0xFF,0xFF,0xFF,0xFF,0xFF,0xFF,0xFF,0xFF,0xFF,0xFF,0xFF,0xFF,
  0xFF,0xFF,0xFF,0xFF,0xFF,0xFF,0xFF,0xFF,0xFF,0xFF,0xFF,0xFF,0xFF,0xFF,0xFF,0xFF,
  0xFF,0xFF,0xFF,0xFF,0xFF,0xFF,0xFF,0xFF,0xFF,0xFF,0xFF,0xFF,0xFF,0xFF,0xFF,0xFF,
  0xFF,0xFF,0xFF,0xFF,0xFF,0xFF,0xFF,0xFF,0xFF,0xFF,0xFF,0xFF,0xFF,0xFF,0xFF,0xFF,
  0xFF,0xFF,0xFF,0xFF,0xFF,0xFF,0xFF,0xFF,0xFF,0xFF,0xFF,0xFF,0xFF,0xFF,0xFF,0xFF,
  0xFF,0xFF,0xFF,0xFF,0xFF,0xFF,0xFF,0xFF,0xFF,0xFF,0xFF,0xFF,0xFF,0xFF,0xFF,0xFF,
  0xFF,0xFF,0xFF,0xFF,0xFF,0xFF,0xFF,0xFF,0xFF,0xFF,0xFF,0xFF,0xFF,0xFF,0xFF,0xFF,
  0xFF,0xFF,0xFF,0xFF,0xFF,0xFF,0xFF,0xFF,0xFF,0xFF,0xFF,0xFF,0xFF,0xFF,0xFF,0xFF,
  0xFF,0xFF,0xFF,0xFF,0xFF,0xFF,0xFF,0xFF,0xFF,0xFF,0xFF,0xFF,0xFF,0xFF,0xFF,0xFF,
  0xFF,0xFF,0xFF,0xFF,0xFF,0xFF,0xFF,0xFF,0xFF,0xFF,0xFF,0xFF,0xFF,0xFF,0xFF,0xFF,
  0xFF,0xFF,0xFF,0xFF,0xFF,0xFF,0xFF,0xFF,0xFF,0xFF,0xFF,0xFF,0xFF,0xFF,0xFF,0xFF,
  0xFF,0xFF,0xFF,0xFF,0xFF,0xFF,0xFF,0xFF,0xFF,0xFF,0xFF,0xFF,0xFF,0xFF,0xFF,0xFF,
  0xFF,0xFF,0xFF,0xFF,0xFF,0xFF,0xFF,0xFF,0xFF,0xFF,0xFF,0xFF,0xFF,0xFF,0xFF,0xFF,
  0xFF,0xFF,0xFF,0xFF,0xFF,0xFF,0xFF,0xFF,0xFF,0xFF,0xFF,0xFF,0xFF,0xFF,0xFF,0xFF,
  0xFF,0xFF,0xFF,0xFF,0xFF,0xFF,0xFF,0xFF,0xFF,0xFF,0xFF,0xFF,0xFF,0xFF,0xFF,0xFF,
  0xFF,0xFF,0xFF,0xFF,0xFF,0xFF,0xFF,0xFF,0xFF,0xFF,0xFF,0xFF,0xFF,0xFF,0xFF,0xFF,
  0xFF,0xFF,0xFF,0xFF,0xFF,0xFF,0xFF,0xFF,0xFF,0xFF,0xFF,0xFF,0xFF,0xFF,0xFF,0xFF,
  0xFF,0xFF,0xFF,0xFF,0xFF,0xFF,0xFF,0xFF,0xFF,0xFF,0xFF,0xFF,0xFF,0xFF,0xFF,0xFF,
  0xFF,0xFF,0xFF,0xFF,0xFF,0xFF,0xFF,0xFF,0xFF,0xFF,0xFF,0xFF,0xFF,0xFF,0xFF,0xFF,
  0xFF,0xFF,0xFF,0xFF,0xFF,0xFF,0xFF,0xFF,0xFF,0xFF,0xFF,0xFF,0xFF,0xFF,0xFF,0xFF,
  0xFF,0xFF,0xFF,0xFF,0xFF,0xFF,0xFF,0xFF,0xFF,0xFF,0xFF,0xFF,0xFF,0xFF,0xFF,0xFF,
  0xFF,0xFF,0xFF,0xFF,0xFF,0xFF,0xFF,0xFF,0xFF,0xFF,0xFF,0xFF,0xFF,0xFF,0xFF,0xFF,
  0xFF,0xFF,0xFF,0xFF,0xFF,0xFF,0xFF,0xFF,0xFF,0xFF,0xFF,0xFF,0xFF,0xFF,0xFF,0xFF,
  0xFF,0xFF,0xFF,0xFF,0xFF,0xFF,0xFF,0xFF,0xFF,0xFF,0xFF,0xFF,0xFF,0xFF,0xFF,0xFF,
  0xFF,0xFF,0xFF,0xFF,0xFF,0xFF,0xFF,0xFF,0xFF,0xFF,0xFF,0xFF,0xFF,0xFF,0xFF,0xFF,
  0xFF,0xFF,0xFF,0xFF,0xFF,0xFF,0xFF,0xFF,0xFF,0xFF,0xFF,0xFF,0xFF,0xFF,0xFF,0xFF,
  0xFF,0xFF,0xFF,0xFF,0xFF,0xFF,0xFF,0xFF,0xFF,0xFF,0xFF,0xFF,0xFF,0xFF,0xFF,0xFF,
  0xFF,0xFF,0xFF,0xFF,0xFF,0xFF,0xFF,0xFF,0xFF,0xFF,0xFF,0xFF,0xFF,0xFF,0xFF,0xFF,
  0xFF,0xFF,0xFF,0xFF,0xFF,0xFF,0xFF,0xFF,0xFF,0xFF,0xFF,0xFF,0xFF,0xFF,0xFF,0xFF,
  0xFF,0xFF,0xFF,0xFF,0xFF,0xFF,0xFF,0xFF,0xFF,0xFF,0xFF,0xFF,0xFF,0xFF,0xFF,0xFF,
  0xFF,0xFF,0xFF,0xFF,0xFF,0xFF,0xFF,0xFF,0xFF,0xFF,0xFF,0xFF,0xFF,0xFF,0xFF,0xFF,
  0xFF,0xFF,0xFF,0xFF,0xFF,0xFF,0xFF,0xFF,0xFF,0xFF,0xFF,0xFF,0xFF,0xFF,0xFF,0xFF,
  0xFF,0xFF,0xFF,0xFF,0xFF,0xFF,0xFF,0xFF,0xFF,0xFF,0xFF,0xFF,0xFF,0xFF,0xFF,0xFF,
  0xFF,0xFF,0xFF,0xFF,0xFF,0xFF,0xFF,0xFF,0xFF,0xFF,0xFF,0xFF,0xFF,0xFF,0xFF,0xFF,
  0xFF,0xFF,0xFF,0xFF,0xFF,0xFF,0xFF,0xFF,0xFF,0xFF,0xFF,0xFF,0xFF,0xFF,0xFF,0xFF,
  0xFF,0xFF,0xFF,0xFF,0xFF,0xFF,0xFF,0xFF,0xFF,0xFF,0xFF,0xFF,0xFF,0xFF,0xFF,0xFF,
  0xFF,0xFF,0xFF,0xFF,0xFF,0xFF,0xFF,0xFF,0xFF,0xFF,0xFF,0xFF,0xFF,0xFF,0xFF,0xFF,
  0xFF,0xFF,0xFF,0xFF,0xFF,0xFF,0xFF,0xFF,0xFF,0xFF,0xFF,0xFF,0xFF,0xFF,0xFF,0xFF,
  0xFF,0xFF,0xFF,0xFF,0xFF,0xFF,0xFF,0xFF,0xFF,0xFF,0xFF,0xFF,0xFF,0xFF,0xFF,0xFF,
  0xFF,0xFF,0xFF,0xFF,0xFF,0xFF,0xFF,0xFF,0xFF,0xFF,0xFF,0xFF,0xFF,0xFF,0xFF,0xFF,
  0xFF,0xFF,0xFF,0xFF,0xFF,0xFF,0xFF,0xFF,0xFF,0xFF,0xFF,0xFF,0xFF,0xFF,0xFF,0xFF,
  0xFF,0xFF,0xFF,0xFF,0xFF,0xFF,0xFF,0xFF,0xFF,0xFF,0xFF,0xFF,0xFF,0xFF,0xFF,0xFF,
  0xFF,0xFF,0xFF,0xFF,0xFF,0xFF,0xFF,0xFF,0xFF,0xFF,0xFF,0xFF,0xFF,0xFF,0xFF,0xFF,
  0xFF,0xFF,0xFF,0xFF,0xFF,0xFF,0xFF,0xFF,0xFF,0xFF,0xFF,0xFF,0xFF,0xFF,0xFF,0xFF,
  0xFF,0xFF,0xFF,0xFF,0xFF,0xFF,0xFF,0xFF,0xFF,0xFF,0xFF,0xFF,0xFF,0xFF,0xFF,0xFF,
  0xFF,0xFF,0xFF,0xFF,0xFF,0xFF,0xFF,0xFF,0xFF,0xFF,0xFF,0xFF,0xFF,0xFF,0xFF,0xFF,
  0xFF,0xFF,0xFF,0xFF,0xFF,0xFF,0xFF,0xFF,0xFF,0xFF,0xFF,0xFF,0xFF,0xFF,0xFF,0xFF,
  0xFF,0xFF,0xFF,0xFF,0xFF,0xFF,0xFF,0xFF,0xFF,0xFF,0xFF,0xFF,0xFF,0xFF,0xFF,0xFF,
  0xFF,0xFF,0xFF,0xFF,0xFF,0xFF,0xFF,0xFF,0xFF,0xFF,0xFF,0xFF,0xFF,0xFF,0xFF,0xFF,
  0xFF,0xFF,0xFF,0xFF,0xFF,0xFF,0xFF,0xFF,0xFF,0xFF,0xFF,0xFF,0xFF,0xFF,0xFF,0xFF,
  0xFF,0xFF,0xFF,0xFF,0xFF,0xFF,0xFF,0xFF,0xFF,0xFF,0xFF,0xFF,0xFF,0xFF,0xFF,0xFF,
  0xFF,0xFF,0xFF,0xFF,0xFF,0xFF,0xFF,0xFF,0xFF,0xFF,0xFF,0xFF,0xFF,0xFF,0xFF,0xFF,
  0xFF,0xFF,0xFF,0xFF,0xFF,0xFF,0xFF,0xFF,0xFF,0xFF,0xFF,0xFF,0xFF,0xFF,0xFF,0xFF,
  0xFF,0xFF,0xFF,0xFF,0xFF,0xFF,0xFF,0xFF,0xFF,0xFF,0xFF,0xFF,0xFF,0xFF,0xFF,0xFF,
  0xFF,0xFF,0xFF,0xFF,0xFF,0xFF,0xFF,0xFF,0xFF,0xFF,0xFF,0xFF,0xFF,0xFF,0xFF,0xFF,
  0xFF,0xFF,0xFF,0xFF,0xFF,0xFF,0xFF,0xFF,0xFF,0xFF,0xFF,0xFF,0xFF,0xFF,0xFF,0xFF,
  0xFF,0xFF,0xFF,0xFF,0xFF,0xFF,0xFF,0xFF,0xFF,0xFF,0xFF,0xFF,0xFF,0xFF,0xFF,0xFF,
  0xFF,0xFF,0xFF,0xFF,0xFF,0xFF,0xFF,0xFF,0xFF,0xFF,0xFF,0xFF,0xFF,0xFF,0xFF,0xFF,
  0xFF,0xFF,0xFF,0xFF,0xFF,0xFF,0xFF,0xFF,0xFF,0xFF,0xFF,0xFF,0xFF,0xFF,0xFF,0xFF,
  0xFF,0xFF,0xFF,0xFF,0xFF,0xFF,0xFF,0xFF,0xFF,0xFF,0xFF,0xFF,0xFF,0xFF,0xFF,0xFF,
  0xFF,0xFF,0xFF,0xFF,0xFF,0xFF,0xFF,0xFF,0xFF,0xFF,0xFF,0xFF,0xFF,0xFF,0xFF,0xFF,
  0xFF,0xFF,0xFF,0xFF,0xFF,0xFF,0xFF,0xFF,0xFF,0xFF,0xFF,0xFF,0xFF,0xFF,0xFF,0xFF,
  0xFF,0xFF,0xFF,0xFF,0xFF,0xFF,0xFF,0xFF,0xFF,0xFF,0xFF,0xFF,0xFF,0xFF,0xFF,0xFF,
  0xFF,0xFF,0xFF,0xFF,0xFF,0xFF,0xFF,0xFF,0xFF,0xFF,0xFF,0xFF,0xFF,0xFF,0xFF,0xFF,
  0xFF,0xFF,0xFF,0xFF,0xFF,0xFF,0xFF,0xFF,0xFF,0xFF,0xFF,0xFF,0xFF,0xFF,0xFF,0xFF,
  0xFF,0xFF,0xFF,0xFF,0xFF,0xFF,0xFF,0xFF,0xFF,0xFF,0xFF,0xFF,0xFF,0xFF,0xFF,0xFF,
  0xFF,0xFF,0xFF,0xFF,0xFF,0xFF,0xFF,0xFF,0xFF,0xFF,0xFF,0xFF,0xFF,0xFF,0xFF,0xFF,
  0xFF,0xFF,0xFF,0xFF,0xFF,0xFF,0xFF,0xFF,0xFF,0xFF,0xFF,0xFF,0xFF,0xFF,0xFF,0xFF,
  0xFF,0xFF,0xFF,0xFF,0xFF,0xFF,0xFF,0xFF,0xFF,0xFF,0xFF,0xFF,0xFF,0xFF,0xFF,0xFF,
  0xFF,0xFF,0xFF,0xFF,0xFF,0xFF,0xFF,0xFF,0xFF,0xFF,0xFF,0xFF,0xFF,0xFF,0xFF,0xFF,
  0xFF,0xFF,0xFF,0xFF,0xFF,0xFF,0xFF,0xFF,0xFF,0xFF,0xFF,0xFF,0xFF,0xFF,0xFF,0xFF,
  0xFF,0xFF,0xFF,0xFF,0xFF,0xFF,0xFF,0xFF,0xFF,0xFF,0xFF,0xFF,0xFF,0xFF,0xFF,0xFF,
  0xFF,0xFF,0xFF,0xFF,0xFF,0xFF,0xFF,0xFF,0xFF,0xFF,0xFF,0xFF,0xFF,0xFF,0xFF,0xFF,
  0xFF,0xFF,0xFF,0xFF,0xFF,0xFF,0xFF,0xFF,0xFF,0xFF,0xFF,0xFF,0xFF,0xFF,0xFF,0xFF,
  0xFF,0xFF,0xFF,0xFF,0xFF,0xFF,0xFF,0xFF,0xFF,0xFF,0xFF,0xFF,0xFF,0xFF,0xFF,0xFF,
  0xFF,0xFF,0xFF,0xFF,0xFF,0xFF,0xFF,0xFF,0xFF,0xFF,0xFF,0xFF,0xFF,0xFF,0xFF,0xFF,
  0xFF,0xFF,0xFF,0xFF,0xFF,0xFF,0xFF,0xFF,0xFF,0xFF,0xFF,0xFF,0xFF,0xFF,0xFF,0xFF,
  0xFF,0xFF,0xFF,0xFF,0xFF,0xFF,0xFF,0xFF,0xFF,0xFF,0xFF,0xFF,0xFF,0xFF,0xFF,0xFF,
  0xFF,0xFF,0xFF,0xFF,0xFF,0xFF,0xFF,0xFF,0xFF,0xFF,0xFF,0xFF,0xFF,0xFF,0xFF,0xFF,
  0xFF,0xFF,0xFF,0xFF,0xFF,0xFF,0xFF,0xFF,0xFF,0xFF,0xFF,0xFF,0xFF,0xFF,0xFF,0xFF,
  0xFF,0xFF,0xFF,0xFF,0xFF,0xFF,0xFF,0xFF,0xFF,0xFF,0xFF,0xFF,0xFF,0xFF,0xFF,0xFF,
  0xFF,0xFF,0xFF,0xFF,0xFF,0xFF,0xFF,0xFF,0xFF,0xFF,0xFF,0xFF,0xFF,0xFF,0xFF,0xFF,
  0xFF,0xFF,0xFF,0xFF,0xFF,0xFF,0xFF,0xFF,0xFF,0xFF,0xFF,0xFF,0xFF,0xFF,0xFF,0xFF,
  0xFF,0xFF,0xFF,0xFF,0xFF,0xFF,0xFF,0xFF,0xFF,0xFF,0xFF,0xFF,0xFF,0xFF,0xFF,0xFF,
  0xFF,0xFF,0xFF,0xFF,0xFF,0xFF,0xFF,0xFF,0xFF,0xFF,0xFF,0xFF,0xFF,0xFF,0xFF,0xFF,
  0xFF,0xFF,0xFF,0xFF,0xFF,0xFF,0xFF,0xFF,0xFF,0xFF,0xFF,0xFF,0xFF,0xFF,0xFF,0xFF,
  0xFF,0xFF,0xFF,0xFF,0xFF,0xFF,0xFF,0xFF,0xFF,0xFF,0xFF,0xFF,0xFF,0xFF,0xFF,0xFF,
  0xFF,0xFF,0xFF,0xFF,0xFF,0xFF,0xFF,0xFF,0xFF,0xFF,0xFF,0xFF,0xFF,0xFF,0xFF,0xFF,
  0xFF,0xFF,0xFF,0xFF,0xFF,0xFF,0xFF,0xFF,0xFF,0xFF,0xFF,0xFF,0xFF,0xFF,0xFF,0xFF,
  0xFF,0xFF,0xFF,0xFF,0xFF,0xFF,0xFF,0xFF,0xFF,0xFF,0xFF,0xFF,0xFF,0xFF,0xFF,0xFF,
  0xFF,0xFF,0xFF,0xFF,0xFF,0xFF,0xFF,0xFF,0xFF,0xFF,0xFF,0xFF,0xFF,0xFF,0xFF,0xFF,
  0xFF,0xFF,0xFF,0xFF,0xFF,0xFF,0xFF,0xFF,0xFF,0xFF,0xFF,0xFF,0xFF,0xFF,0xFF,0xFF,
  0xFF,0xFF,0xFF,0xFF,0xFF,0xFF,0xFF,0xFF,0xFF,0xFF,0xFF,0xFF,0xFF,0xFF,0xFF,0xFF,
  0xFF,0xFF,0xFF,0xFF,0xFF,0xFF,0xFF,0xFF,0xFF,0xFF,0xFF,0xFF,0xFF,0xFF,0xFF,0xFF,
  0xFF,0xFF,0xFF,0xFF,0xFF,0xFF,0xFF,0xFF,0xFF,0xFF,0xFF,0xFF,0xFF,0xFF,0xFF,0xFF,
  0xFF,0xFF,0xFF,0xFF,0xFF,0xFF,0xFF,0xFF,0xFF,0xFF,0xFF,0xFF,0xFF,0xFF,0xFF,0xFF,
  0xFF,0xFF,0xFF,0xFF,0xFF,0xFF,0xFF,0xFF,0xFF,0xFF,0xFF,0xFF,0xFF,0xFF,0xFF,0xFF,
  0xFF,0xFF,0xFF,0xFF,0xFF,0xFF,0xFF,0xFF,0xFF,0xFF,0xFF,0xFF,0xFF,0xFF,0xFF,0xFF,
  0xFF,0xFF,0xFF,0xFF,0xFF,0xFF,0xFF,0xFF,0xFF,0xFF,0xFF,0xFF,0xFF,0xFF,0xFF,0xFF,
  0xFF,0xFF,0xFF,0xFF,0xFF,0xFF,0xFF,0xFF,0xFF,0xFF,0xFF,0xFF,0xFF,0xFF,0xFF,0xFF,
  0xFF,0xFF,0xFF,0xFF,0xFF,0xFF,0xFF,0xFF,0xFF,0xFF,0xFF,0xFF,0xFF,0xFF,0xFF,0xFF,
  0xFF,0xFF,0xFF,0xFF,0xFF,0xFF,0xFF,0xFF,0xFF,0xFF,0xFF,0xFF,0xFF,0xFF,0xFF,0xFF,
  0xFF,0xFF,0xFF,0xFF,0xFF,0xFF,0xFF,0xFF,0xFF,0xFF,0xFF,0xFF,0xFF,0xFF,0xFF,0xFF,
  0xFF,0xFF,0xFF,0xFF,0xFF,0xFF,0xFF,0xFF,0xFF,0xFF,0xFF,0xFF,0xFF,0xFF,0xFF,0xFF,
  0xFF,0xFF,0xFF,0xFF,0xFF,0xFF,0xFF,0xFF,0xFF,0xFF,0xFF,0xFF,0xFF,0xFF,0xFF,0xFF,
  0xFF,0xFF,0xFF,0xFF,0xFF,0xFF,0xFF,0xFF,0xFF,0xFF,0xFF,0xFF,0xFF,0xFF,0xFF,0xFF,
  0xFF,0xFF,0xFF,0xFF,0xFF,0xFF,0xFF,0xFF,0xFF,0xFF,0xFF,0xFF,0xFF,0xFF,0xFF,0xFF,
  0xFF,0xFF,0xFF,0xFF,0xFF,0xFF,0xFF,0xFF,0xFF,0xFF,0xFF,0xFF,0xFF,0xFF,0xFF,0xFF,
  0xFF,0xFF,0xFF,0xFF,0xFF,0xFF,0xFF,0xFF,0xFF,0xFF,0xFF,0xFF,0xFF,0xFF,0xFF,0xFF,
  0xFF,0xFF,0xFF,0xFF,0xFF,0xFF,0xFF,0xFF,0xFF,0xFF,0xFF,0xFF,0xFF,0xFF,0xFF,0xFF,
  0xFF,0xFF,0xFF,0xFF,0xFF,0xFF,0xFF,0xFF,0xFF,0xFF,0xFF,0xFF,0xFF,0xFF,0xFF,0xFF,
  0xFF,0xFF,0xFF,0xFF,0xFF,0xFF,0xFF,0xFF,0xFF,0xFF,0xFF,0xFF,0xFF,0xFF,0xFF,0xFF,
  0xFF,0xFF,0xFF,0xFF,0xFF,0xFF,0xFF,0xFF,0xFF,0xFF,0xFF,0xFF,0xFF,0xFF,0xFF,0xFF,
  0xFF,0xFF,0xFF,0xFF,0xFF,0xFF,0xFF,0xFF,0xFF,0xFF,0xFF,0xFF,0xFF,0xFF,0xFF,0xFF,
  0xFF,0xFF,0xFF,0xFF,0xFF,0xFF,0xFF,0xFF,0xFF,0xFF,0xFF,0xFF,0xFF,0xFF,0xFF,0xFF,
  0xFF,0xFF,0xFF,0xFF,0xFF,0xFF,0xFF,0xFF,0xFF,0xFF,0xFF,0xFF,0xFF,0xFF,0xFF,0xFF,
  0xFF,0xFF,0xFF,0xFF,0xFF,0xFF,0xFF,0xFF,0xFF,0xFF,0xFF,0xFF,0xFF,0xFF,0xFF,0xFF,
  0xFF,0xFF,0xFF,0xFF,0xFF,0xFF,0xFF,0xFF,0xFF,0xFF,0xFF,0xFF,0xFF,0xFF,0xFF,0xFF,
  0xFF,0xFF,0xFF,0xFF,0xFF,0xFF,0xFF,0xFF,0xFF,0xFF,0xFF,0xFF,0xFF,0xFF,0xFF,0xFF,
  0xFF,0xFF,0xFF,0xFF,0xFF,0xFF,0xFF,0xFF,0xFF,0xFF,0xFF,0xFF,0xFF,0xFF,0xFF,0xFF,
  0xFF,0xFF,0xFF,0xFF,0xFF,0xFF,0xFF,0xFF,0xFF,0xFF,0xFF,0xFF,0xFF,0xFF,0xFF,0xFF,
  0xFF,0xFF,0xFF,0xFF,0xFF,0xFF,0xFF,0xFF,0xFF,0xFF,0xFF,0xFF,0xFF,0xFF,0xFF,0xFF,
  0xFF,0xFF,0xFF,0xFF,0xFF,0xFF,0xFF,0xFF,0xFF,0xFF,0xFF,0xFF,0xFF,0xFF,0xFF,0xFF,
  0xFF,0xFF,0xFF,0xFF,0xFF,0xFF,0xFF,0xFF,0xFF,0xFF,0xFF,0xFF,0xFF,0xFF,0xFF,0xFF,
  0xFF,0xFF,0xFF,0xFF,0xFF,0xFF,0xFF,0xFF,0xFF,0xFF,0xFF,0xFF,0xFF,0xFF,0xFF,0xFF,
  0xFF,0xFF,0xFF,0xFF,0xFF,0xFF,0xFF,0xFF,0xFF,0xFF,0xFF,0xFF,0xFF,0xFF,0xFF,0xFF,
  0xFF,0xFF,0xFF,0xFF,0xFF,0xFF,0xFF,0xFF,0xFF,0xFF,0xFF,0xFF,0xFF,0xFF,0xFF,0xFF,
  0xFF,0xFF,0xFF,0xFF,0xFF,0xFF,0xFF,0xFF,0xFF,0xFF,0xFF,0xFF,0xFF,0xFF,0xFF,0xFF,
  0xFF,0xFF,0xFF,0xFF,0xFF,0xFF,0xFF,0xFF,0xFF,0xFF,0xFF,0xFF,0xFF,0xFF,0xFF,0xFF,
  0xFF,0xFF,0xFF,0xFF,0xFF,0xFF,0xFF,0xFF,0xFF,0xFF,0xFF,0xFF,0xFF,0xFF,0xFF,0xFF,
  0xFF,0xFF,0xFF,0xFF,0xFF,0xFF,0xFF,0xFF,0xFF,0xFF,0xFF,0xFF,0xFF,0xFF,0xFF,0xFF,
  0xFF,0xFF,0xFF,0xFF,0xFF,0xFF,0xFF,0xFF,0xFF,0xFF,0xFF,0xFF,0xFF,0xFF,0xFF,0xFF,
  0xFF,0xFF,0xFF,0xFF,0xFF,0xFF,0xFF,0xFF,0xFF,0xFF,0xFF,0xFF,0xFF,0xFF,0xFF,0xFF,
  0xFF,0xFF,0xFF,0xFF,0xFF,0xFF,0xFF,0xFF,0xFF,0xFF,0xFF,0xFF,0xFF,0xFF,0xFF,0xFF,
  0xFF,0xFF,0xFF,0xFF,0xFF,0xFF,0xFF,0xFF,0xFF,0xFF,0xFF,0xFF,0xFF,0xFF,0xFF,0xFF,
  0xFF,0xFF,0xFF,0xFF,0xFF,0xFF,0xFF,0xFF,0xFF,0xFF,0xFF,0xFF,0xFF,0xFF,0xFF,0xFF,
  0xFF,0xFF,0xFF,0xFF,0xFF,0xFF,0xFF,0xFF,0xFF,0xFF,0xFF,0xFF,0xFF,0xFF,0xFF,0xFF,
  0xFF,0xFF,0xFF,0xFF,0xFF,0xFF,0xFF,0xFF,0xFF,0xFF,0xFF,0xFF,0xFF,0xFF,0xFF,0xFF,
  0xFF,0xFF,0xFF,0xFF,0xFF,0xFF,0xFF,0xFF,0xFF,0xFF,0xFF,0xFF,0xFF,0xFF,0xFF,0xFF,
  0xFF,0xFF,0xFF,0xFF,0xFF,0xFF,0xFF,0xFF,0xFF,0xFF,0xFF,0xFF,0xFF,0xFF,0xFF,0xFF,
  0xFF,0xFF,0xFF,0xFF,0xFF,0xFF,0xFF,0xFF,0xFF,0xFF,0xFF,0xFF,0xFF,0xFF,0xFF,0xFF,
  0xFF,0xFF,0xFF,0xFF,0xFF,0xFF,0xFF,0xFF,0xFF,0xFF,0xFF,0xFF,0xFF,0xFF,0xFF,0xFF,
  0xFF,0xFF,0xFF,0xFF,0xFF,0xFF,0xFF,0xFF,0xFF,0xFF,0xFF,0xFF,0xFF,0xFF,0xFF,0xFF,
  0xFF,0xFF,0xFF,0xFF,0xFF,0xFF,0xFF,0xFF,0xFF,0xFF,0xFF,0xFF,0xFF,0xFF,0xFF,0xFF,
  0xFF,0xFF,0xFF,0xFF,0xFF,0xFF,0xFF,0xFF,0xFF,0xFF,0xFF,0xFF,0xFF,0xFF,0xFF,0xFF,
  0xFF,0xFF,0xFF,0xFF,0xFF,0xFF,0xFF,0xFF,0xFF,0xFF,0xFF,0xFF,0xFF,0xFF,0xFF,0xFF,
  0xFF,0xFF,0xFF,0xFF,0xFF,0xFF,0xFF,0xFF,0xFF,0xFF,0xFF,0xFF,0xFF,0xFF,0xFF,0xFF,
  0xFF,0xFF,0xFF,0xFF,0xFF,0xFF,0xFF,0xFF,0xFF,0xFF,0xFF,0xFF,0xFF,0xFF,0xFF,0xFF,
  0xFF,0xFF,0xFF,0xFF,0xFF,0xFF,0xFF,0xFF,0xFF,0xFF,0xFF,0xFF,0xFF,0xFF,0xFF,0xFF,
  0xFF,0xFF,0xFF,0xFF,0xFF,0xFF,0xFF,0xFF,0xFF,0xFF,0xFF,0xFF,0xFF,0xFF,0xFF,0xFF,
  0xFF,0xFF,0xFF,0xFF,0xFF,0xFF,0xFF,0xFF,0xFF,0xFF,0xFF,0xFF,0xFF,0xFF,0xFF,0xFF,
  0xFF,0xFF,0xFF,0xFF,0xFF,0xFF,0xFF,0xFF,0xFF,0xFF,0xFF,0xFF,0xFF,0xFF,0xFF,0xFF,
  0xFF,0xFF,0xFF,0xFF,0xFF,0xFF,0xFF,0xFF,0xFF,0xFF,0xFF,0xFF,0xFF,0xFF,0xFF,0xFF,
  0xFF,0xFF,0xFF,0xFF,0xFF,0xFF,0xFF,0xFF,0xFF,0xFF,0xFF,0xFF,0xFF,0xFF,0xFF,0xFF,
  0xFF,0xFF,0xFF,0xFF,0xFF,0xFF,0xFF,0xFF,0xFF,0xFF,0xFF,0xFF,0xFF,0xFF,0xFF,0xFF,
  0xFF,0xFF,0xFF,0xFF,0xFF,0xFF,0xFF,0xFF,0xFF,0xFF,0xFF,0xFF,0xFF,0xFF,0xFF,0xFF,
  0xFF,0xFF,0xFF,0xFF,0xFF,0xFF,0xFF,0xFF,0xFF,0xFF,0xFF,0xFF,0xFF,0xFF,0xFF,0xFF,
  0xFF,0xFF,0xFF,0xFF,0xFF,0xFF,0xFF,0xFF,0xFF,0xFF,0xFF,0xFF,0xFF,0xFF,0xFF,0xFF,
  0xFF,0xFF,0xFF,0xFF,0xFF,0xFF,0xFF,0xFF,0xFF,0xFF,0xFF,0xFF,0xFF,0xFF,0xFF,0xFF,
  0xFF,0xFF,0xFF,0xFF,0xFF,0xFF,0xFF,0xFF,0xFF,0xFF,0xFF,0xFF,0xFF,0xFF,0xFF,0xFF,
  0xFF,0xFF,0xFF,0xFF,0xFF,0xFF,0xFF,0xFF,0xFF,0xFF,0xFF,0xFF,0xFF,0xFF,0xFF,0xFF,
  0xFF,0xFF,0xFF,0xFF,0xFF,0xFF,0xFF,0xFF,0xFF,0xFF,0xFF,0xFF,0xFF,0xFF,0xFF,0xFF,
  0xFF,0xFF,0xFF,0xFF,0xFF,0xFF,0xFF,0xFF,0xFF,0xFF,0xFF,0xFF,0xFF,0xFF,0xFF,0xFF,
  0xFF,0xFF,0xFF,0xFF,0xFF,0xFF,0xFF,0xFF,0xFF,0xFF,0xFF,0xFF,0xFF,0xFF,0xFF,0xFF,
  0xFF,0xFF,0xFF,0xFF,0xFF,0xFF,0xFF,0xFF,0xFF,0xFF,0xFF,0xFF,0xFF,0xFF,0xFF,0xFF,
  0xFF,0xFF,0xFF,0xFF,0xFF,0xFF,0xFF,0xFF,0xFF,0xFF,0xFF,0xFF,0xFF,0xFF,0xFF,0xFF,
  0xFF,0xFF,0xFF,0xFF,0xFF,0xFF,0xFF,0xFF,0xFF,0xFF,0xFF,0xFF,0xFF,0xFF,0xFF,0xFF,
  0xFF,0xFF,0xFF,0xFF,0xFF,0xFF,0xFF,0xFF,0xFF,0xFF,0xFF,0xFF,0xFF,0xFF,0xFF,0xFF,
  0xFF,0xFF,0xFF,0xFF,0xFF,0xFF,0xFF,0xFF,0xFF,0xFF,0xFF,0xFF,0xFF,0xFF,0xFF,0xFF,
  0xFF,0xFF,0xFF,0xFF,0xFF,0xFF,0xFF,0xFF,0xFF,0xFF,0xFF,0xFF,0xFF,0xFF,0xFF,0xFF,
  0xFF,0xFF,0xFF,0xFF,0xFF,0xFF,0xFF,0xFF,0xFF,0xFF,0xFF,0xFF,0xFF,0xFF,0xFF,0xFF,
  0xFF,0xFF,0xFF,0xFF,0xFF,0xFF,0xFF,0xFF,0xFF,0xFF,0xFF,0xFF,0xFF,0xFF,0xFF,0xFF,
  0xFF,0xFF,0xFF,0xFF,0xFF,0xFF,0xFF,0xFF,0xFF,0xFF,0xFF,0xFF,0xFF,0xFF,0xFF,0xFF,
  0xFF,0xFF,0xFF,0xFF,0xFF,0xFF,0xFF,0xFF,0xFF,0xFF,0xFF,0xFF,0xFF,0xFF,0xFF,0xFF,
  0xFF,0xFF,0xFF,0xFF,0xFF,0xFF,0xFF,0xFF,0xFF,0xFF,0xFF,0xFF,0xFF,0xFF,0xFF,0xFF,
  0xFF,0xFF,0xFF,0xFF,0xFF,0xFF,0xFF,0xFF,0xFF,0xFF,0xFF,0xFF,0xFF,0xFF,0xFF,0xFF,
  0xFF,0xFF,0xFF,0xFF,0xFF,0xFF,0xFF,0xFF,0xFF,0xFF,0xFF,0xFF,0xFF,0xFF,0xFF,0xFF,
  0xFF,0xFF,0xFF,0xFF,0xFF,0xFF,0xFF,0xFF,0xFF,0xFF,0xFF,0xFF,0xFF,0xFF,0xFF,0xFF,
  0xFF,0xFF,0xFF,0xFF,0xFF,0xFF,0xFF,0xFF,0xFF,0xFF,0xFF,0xFF,0xFF,0xFF,0xFF,0xFF,
  0xFF,0xFF,0xFF,0xFF,0xFF,0xFF,0xFF,0xFF,0xFF,0xFF,0xFF,0xFF,0xFF,0xFF,0xFF,0xFF,
  0xFF,0xFF,0xFF,0xFF,0xFF,0xFF,0xFF,0xFF,0xFF,0xFF,0xFF,0xFF,0xFF,0xFF,0xFF,0xFF,
  0xFF,0xFF,0xFF,0xFF,0xFF,0xFF,0xFF,0xFF,0xFF,0xFF,0xFF,0xFF,0xFF,0xFF,0xFF,0xFF,
  0xFF,0xFF,0xFF,0xFF,0xFF,0xFF,0xFF,0xFF,0xFF,0xFF,0xFF,0xFF,0xFF,0xFF,0xFF,0xFF,
  0xFF,0xFF,0xFF,0xFF,0xFF,0xFF,0xFF,0xFF,0xFF,0xFF,0xFF,0xFF,0xFF,0xFF,0xFF,0xFF,
  0xFF,0xFF,0xFF,0xFF,0xFF,0xFF,0xFF,0xFF,0xFF,0xFF,0xFF,0xFF,0xFF,0xFF,0xFF,0xFF,
  0xFF,0xFF,0xFF,0xFF,0xFF,0xFF,0xFF,0xFF,0xFF,0xFF,0xFF,0xFF,0xFF,0xFF,0xFF,0xFF,
  0xFF,0xFF,0xFF,0xFF,0xFF,0xFF,0xFF,0xFF,0xFF,0xFF,0xFF,0xFF,0xFF,0xFF,0xFF,0xFF,
  0xFF,0xFF,0xFF,0xFF,0xFF,0xFF,0xFF,0xFF,0xFF,0xFF,0xFF,0xFF,0xFF,0xFF,0xFF,0xFF,
  0xFF,0xFF,0xFF,0xFF,0xFF,0xFF,0xFF,0xFF,0xFF,0xFF,0xFF,0xFF,0xFF,0xFF,0xFF,0xFF,
  0xFF,0xFF,0xFF,0xFF,0xFF,0xFF,0xFF,0xFF,0xFF,0xFF,0xFF,0xFF,0xFF,0xFF,0xFF,0xFF,
  0xFF,0xFF,0xFF,0xFF,0xFF,0xFF,0xFF,0xFF,0xFF,0xFF,0xFF,0xFF,0xFF,0xFF,0xFF,0xFF,
  0xFF,0xFF,0xFF,0xFF,0xFF,0xFF,0xFF,0xFF,0xFF,0xFF,0xFF,0xFF,0xFF,0xFF,0xFF,0xFF,
  0xFF,0xFF,0xFF,0xFF,0xFF,0xFF,0xFF,0xFF,0xFF,0xFF,0xFF,0xFF,0xFF,0xFF,0xFF,0xFF,
  0xFF,0xFF,0xFF,0xFF,0xFF,0xFF,0xFF,0xFF,0xFF,0xFF,0xFF,0xFF,0xFF,0xFF,0xFF,0xFF,
  0xFF,0xFF,0xFF,0xFF,0xFF,0xFF,0xFF,0xFF,0xFF,0xFF,0xFF,0xFF,0xFF,0xFF,0xFF,0xFF,
  0xFF,0xFF,0xFF,0xFF,0xFF,0xFF,0xFF,0xFF,0xFF,0xFF,0xFF,0xFF,0xFF,0xFF,0xFF,0xFF,
  0xFF,0xFF,0xFF,0xFF,0xFF,0xFF,0xFF,0xFF,0xFF,0xFF,0xFF,0xFF,0xFF,0xFF,0xFF,0xFF,
  0xFF,0xFF,0xFF,0xFF,0xFF,0xFF,0xFF,0xFF,0xFF,0xFF,0xFF,0xFF,0xFF,0xFF,0xFF,0xFF,
  0xFF,0xFF,0xFF,0xFF,0xFF,0xFF,0xFF,0xFF,0xFF,0xFF,0xFF,0xFF,0xFF,0xFF,0xFF,0xFF,
  0xFF,0xFF,0xFF,0xFF,0xFF,0xFF,0xFF,0xFF,0xFF,0xFF,0xFF,0xFF,0xFF,0xFF,0xFF,0xFF,
  0xFF,0xFF,0xFF,0xFF,0xFF,0xFF,0xFF,0xFF,0xFF,0xFF,0xFF,0xFF,0xFF,0xFF,0xFF,0xFF,
  0xFF,0xFF,0xFF,0xFF,0xFF,0xFF,0xFF,0xFF,0xFF,0xFF,0xFF,0xFF,0xFF,0xFF,0xFF,0xFF,
  0xFF,0xFF,0xFF,0xFF,0xFF,0xFF,0xFF,0xFF,0xFF,0xFF,0xFF,0xFF,0xFF,0xFF,0xFF,0xFF,
  0xFF,0xFF,0xFF,0xFF,0xFF,0xFF,0xFF,0xFF,0xFF,0xFF,0xFF,0xFF,0xFF,0xFF,0xFF,0xFF,
  0xFF,0xFF,0xFF,0xFF,0xFF,0xFF,0xFF,0xFF,0xFF,0xFF,0xFF,0xFF,0xFF,0xFF,0xFF,0xFF,
  0xFF,0xFF,0xFF,0xFF,0xFF,0xFF,0xFF,0xFF,0xFF,0xFF,0xFF,0xFF,0xFF,0xFF,0xFF,0xFF,
  0xFF,0xFF,0xFF,0xFF,0xFF,0xFF,0xFF,0xFF,0xFF,0xFF,0xFF,0xFF,0xFF,0xFF,0xFF,0xFF,
  0xFF,0xFF,0xFF,0xFF,0xFF,0xFF,0xFF,0xFF,0xFF,0xFF,0xFF,0xFF,0xFF,0xFF,0xFF,0xFF,
  0xFF,0xFF,0xFF,0xFF,0xFF,0xFF,0xFF,0xFF,0xFF,0xFF,0xFF,0xFF,0xFF,0xFF,0xFF,0xFF,
  0xFF,0xFF,0xFF,0xFF,0xFF,0xFF,0xFF,0xFF,0xFF,0xFF,0xFF,0xFF,0xFF,0xFF,0xFF,0xFF,
  0xFF,0xFF,0xFF,0xFF,0xFF,0xFF,0xFF,0xFF,0xFF,0xFF,0xFF,0xFF,0xFF,0xFF,0xFF,0xFF,
  0xFF,0xFF,0xFF,0xFF,0xFF,0xFF,0xFF,0xFF,0xFF,0xFF,0xFF,0xFF,0xFF,0xFF,0xFF,0xFF,
  0xFF,0xFF,0xFF,0xFF,0xFF,0xFF,0xFF,0xFF,0xFF,0xFF,0xFF,0xFF,0xFF,0xFF,0xFF,0xFF,
  0xFF,0xFF,0xFF,0xFF,0xFF,0xFF,0xFF,0xFF,0xFF,0xFF,0xFF,0xFF,0xFF,0xFF,0xFF,0xFF,
  0xFF,0xFF,0xFF,0xFF,0xFF,0xFF,0xFF,0xFF,0xFF,0xFF,0xFF,0xFF,0xFF,0xFF,0xFF,0xFF,
  0xFF,0xFF,0xFF,0xFF,0xFF,0xFF,0xFF,0xFF,0xFF,0xFF,0xFF,0xFF,0xFF,0xFF,0xFF,0xFF,
  0xFF,0xFF,0xFF,0xFF,0xFF,0xFF,0xFF,0xFF,0xFF,0xFF,0xFF,0xFF,0xFF,0xFF,0xFF,0xFF,
  0xFF,0xFF,0xFF,0xFF,0xFF,0xFF,0xFF,0xFF,0xFF,0xFF,0xFF,0xFF,0xFF,0xFF,0xFF,0xFF,
  0xFF,0xFF,0xFF,0xFF,0xFF,0xFF,0xFF,0xFF,0xFF,0xFF,0xFF,0xFF,0xFF,0xFF,0xFF,0xFF,
  0xFF,0xFF,0xFF,0xFF,0xFF,0xFF,0xFF,0xFF,0xFF,0xFF,0xFF,0xFF,0xFF,0xFF,0xFF,0xFF,
  0xFF,0xFF,0xFF,0xFF,0xFF,0xFF,0xFF,0xFF,0xFF,0xFF,0xFF,0xFF,0xFF,0xFF,0xFF,0xFF,
  0xFF,0xFF,0xFF,0xFF,0xFF,0xFF,0xFF,0xFF,0xFF,0xFF,0xFF,0xFF,0xFF,0xFF,0xFF,0xFF,
  0xFF,0xFF,0xFF,0xFF,0xFF,0xFF,0xFF,0xFF,0xFF,0xFF,0xFF,0xFF,0xFF,0xFF,0xFF,0xFF,
  0xFF,0xFF,0xFF,0xFF,0xFF,0xFF,0xFF,0xFF,0xFF,0xFF,0xFF,0xFF,0xFF,0xFF,0xFF,0xFF,
  0xFF,0xFF,0xFF,0xFF,0xFF,0xFF,0xFF,0xFF,0xFF,0xFF,0xFF,0xFF,0xFF,0xFF,0xFF,0xFF,
  0xFF,0xFF,0xFF,0xFF,0xFF,0xFF,0xFF,0xFF,0xFF,0xFF,0xFF,0xFF,0xFF,0xFF,0xFF,0xFF,
  0xFF,0xFF,0xFF,0xFF,0xFF,0xFF,0xFF,0xFF,0xFF,0xFF,0xFF,0xFF,0xFF,0xFF,0xFF,0xFF,
  0xFF,0xFF,0xFF,0xFF,0xFF,0xFF,0xFF,0xFF,0xFF,0xFF,0xFF,0xFF,0xFF,0xFF,0xFF,0xFF,
  0xFF,0xFF,0xFF,0xFF,0xFF,0xFF,0xFF,0xFF,0xFF,0xFF,0xFF,0xFF,0xFF,0xFF,0xFF,0xFF,
  0xFF,0xFF,0xFF,0xFF,0xFF,0xFF,0xFF,0xFF,0xFF,0xFF,0xFF,0xFF,0xFF,0xFF,0xFF,0xFF,
  0xFF,0xFF,0xFF,0xFF,0xFF,0xFF,0xFF,0xFF,0xFF,0xFF,0xFF,0xFF,0xFF,0xFF,0xFF,0xFF,
  0xFF,0xFF,0xFF,0xFF,0xFF,0xFF,0xFF,0xFF,0xFF,0xFF,0xFF,0xFF,0xFF,0xFF,0xFF,0xFF,
  0xFF,0xFF,0xFF,0xFF,0xFF,0xFF,0xFF,0xFF,0xFF,0xFF,0xFF,0xFF,0xFF,0xFF,0xFF,0xFF,
  0xFF,0xFF,0xFF,0xFF,0xFF,0xFF,0xFF,0xFF,0xFF,0xFF,0xFF,0xFF,0xFF,0xFF,0xFF,0xFF,
  0xFF,0xFF,0xFF,0xFF,0xFF,0xFF,0xFF,0xFF,0xFF,0xFF,0xFF,0xFF,0xFF,0xFF,0xFF,0xFF,
  0xFF,0xFF,0xFF,0xFF,0xFF,0xFF,0xFF,0xFF,0xFF,0xFF,0xFF,0xFF,0xFF,0xFF,0xFF,0xFF,
  0xFF,0xFF,0xFF,0xFF,0xFF,0xFF,0xFF,0xFF,0xFF,0xFF,0xFF,0xFF,0xFF,0xFF,0xFF,0xFF,
  0xFF,0xFF,0xFF,0xFF,0xFF,0xFF,0xFF,0xFF,0xFF,0xFF,0xFF,0xFF,0xFF,0xFF,0xFF,0xFF,
  0xFF,0xFF,0xFF,0xFF,0xFF,0xFF,0xFF,0xFF,0xFF,0xFF,0xFF,0xFF,0xFF,0xFF,0xFF,0xFF,
  0xFF,0xFF,0xFF,0xFF,0xFF,0xFF,0xFF,0xFF,0xFF,0xFF,0xFF,0xFF,0xFF,0xFF,0xFF,0xFF,
  0xFF,0xFF,0xFF,0xFF,0xFF,0xFF,0xFF,0xFF,0xFF,0xFF,0xFF,0xFF,0xFF,0xFF,0xFF,0xFF,
  0xFF,0xFF,0xFF,0xFF,0xFF,0xFF,0xFF,0xFF,0xFF,0xFF,0xFF,0xFF,0xFF,0xFF,0xFF,0xFF,
  0xFF,0xFF,0xFF,0xFF,0xFF,0xFF,0xFF,0xFF,0xFF,0xFF,0xFF,0xFF,0xFF,0xFF,0xFF,0xFF,
  0xFF,0xFF,0xFF,0xFF,0xFF,0xFF,0xFF,0xFF,0xFF,0xFF,0xFF,0xFF,0xFF,0xFF,0xFF,0xFF,
  0xFF,0xFF,0xFF,0xFF,0xFF,0xFF,0xFF,0xFF,0xFF,0xFF,0xFF,0xFF,0xFF,0xFF,0xFF,0xFF,
  0xFF,0xFF,0xFF,0xFF,0xFF,0xFF,0xFF,0xFF,0xFF,0xFF,0xFF,0xFF,0xFF,0xFF,0xFF,0xFF,
  0xFF,0xFF,0xFF,0xFF,0xFF,0xFF,0xFF,0xFF,0xFF,0xFF,0xFF,0xFF,0xFF,0xFF,0xFF,0xFF,
  0xFF,0xFF,0xFF,0xFF,0xFF,0xFF,0xFF,0xFF,0xFF,0xFF,0xFF,0xFF,0xFF,0xFF,0xFF,0xFF,
  0xFF,0xFF,0xFF,0xFF,0xFF,0xFF,0xFF,0xFF,0xFF,0xFF,0xFF,0xFF,0xFF,0xFF,0xFF,0xFF,
  0xFF,0xFF,0xFF,0xFF,0xFF,0xFF,0xFF,0xFF,0xFF,0xFF,0xFF,0xFF,0xFF,0xFF,0xFF,0xFF,
  0xFF,0xFF,0xFF,0xFF,0xFF,0xFF,0xFF,0xFF,0xFF,0xFF,0xFF,0xFF,0xFF,0xFF,0xFF,0xFF,
  0xFF,0xFF,0xFF,0xFF,0xFF,0xFF,0xFF,0xFF,0xFF,0xFF,0xFF,0xFF,0xFF,0xFF,0xFF,0xFF,
  0xFF,0xFF,0xFF,0xFF,0xFF,0xFF,0xFF,0xFF,0xFF,0xFF,0xFF,0xFF,0xFF,0xFF,0xFF,0xFF,
  0xFF,0xFF,0xFF,0xFF,0xFF,0xFF,0xFF,0xFF,0xFF,0xFF,0xFF,0xFF,0xFF,0xFF,0xFF,0xFF,
  0xFF,0xFF,0xFF,0xFF,0xFF,0xFF,0xFF,0xFF,0xFF,0xFF,0xFF,0xFF,0xFF,0xFF,0xFF,0xFF,
  0xFF,0xFF,0xFF,0xFF,0xFF,0xFF,0xFF,0xFF,0xFF,0xFF,0xFF,0xFF,0xFF,0xFF,0xFF,0xFF,
  0xFF,0xFF,0xFF,0xFF,0xFF,0xFF,0xFF,0xFF,0xFF,0xFF,0xFF,0xFF,0xFF,0xFF,0xFF,0xFF,
  0xFF,0xFF,0xFF,0xFF,0xFF,0xFF,0xFF,0xFF,0xFF,0xFF,0xFF,0xFF,0xFF,0xFF,0xFF,0xFF,
  0xFF,0xFF,0xFF,0xFF,0xFF,0xFF,0xFF,0xFF,0xFF,0xFF,0xFF,0xFF,0xFF,0xFF,0xFF,0xFF,
  0xFF,0xFF,0xFF,0xFF,0xFF,0xFF,0xFF,0xFF,0xFF,0xFF,0xFF,0xFF,0xFF,0xFF,0xFF,0xFF,
  0xFF,0xFF,0xFF,0xFF,0xFF,0xFF,0xFF,0xFF,0xFF,0xFF,0xFF,0xFF,0xFF,0xFF,0xFF,0xFF,
  0xFF,0xFF,0xFF,0xFF,0xFF,0xFF,0xFF,0xFF,0xFF,0xFF,0xFF,0xFF,0xFF,0xFF,0xFF,0xFF,
  0xFF,0xFF,0xFF,0xFF,0xFF,0xFF,0xFF,0xFF,0xFF,0xFF,0xFF,0xFF,0xFF,0xFF,0xFF,0xFF,
  0xFF,0xFF,0xFF,0xFF,0xFF,0xFF,0xFF,0xFF,0xFF,0xFF,0xFF,0xFF,0xFF,0xFF,0xFF,0xFF,
  0xFF,0xFF,0xFF,0xFF,0xFF,0xFF,0xFF,0xFF,0xFF,0xFF,0xFF,0xFF,0xFF,0xFF,0xFF,0xFF,
  0xFF,0xFF,0xFF,0xFF,0xFF,0xFF,0xFF,0xFF,0xFF,0xFF,0xFF,0xFF,0xFF,0xFF,0xFF,0xFF,
  0xFF,0xFF,0xFF,0xFF,0xFF,0xFF,0xFF,0xFF,0xFF,0xFF,0xFF,0xFF,0xFF,0xFF,0xFF,0xFF,
  0xFF,0xFF,0xFF,0xFF,0xFF,0xFF,0xFF,0xFF,0xFF,0xFF,0xFF,0xFF,0xFF,0xFF,0xFF,0xFF,
  0xFF,0xFF,0xFF,0xFF,0xFF,0xFF,0xFF,0xFF,0xFF,0xFF,0xFF,0xFF,0xFF,0xFF,0xFF,0xFF,
  0xFF,0xFF,0xFF,0xFF,0xFF,0xFF,0xFF,0xFF,0xFF,0xFF,0xFF,0xFF,0xFF,0xFF,0xFF,0xFF,
  0xFF,0xFF,0xFF,0xFF,0xFF,0xFF,0xFF,0xFF,0xFF,0xFF,0xFF,0xFF,0xFF,0xFF,0xFF,0xFF,
  0xFF,0xFF,0xFF,0xFF,0xFF,0xFF,0xFF,0xFF,0xFF,0xFF,0xFF,0xFF,0xFF,0xFF,0xFF,0xFF,
  0xFF,0xFF,0xFF,0xFF,0xFF,0xFF,0xFF,0xFF,0xFF,0xFF,0xFF,0xFF,0xFF,0xFF,0xFF,0xFF,
  0xFF,0xFF,0xFF,0xFF,0xFF,0xFF,0xFF,0xFF,0xFF,0xFF,0xFF,0xFF,0xFF,0xFF,0xFF,0xFF,
  0xFF,0xFF,0xFF,0xFF,0xFF,0xFF,0xFF,0xFF,0xFF,0xFF,0xFF,0xFF,0xFF,0xFF,0xFF,0xFF,
  0xFF,0xFF,0xFF,0xFF,0xFF,0xFF,0xFF,0xFF,0xFF,0xFF,0xFF,0xFF,0xFF,0xFF,0xFF,0xFF,
  0xFF,0xFF,0xFF,0xFF,0xFF,0xFF,0xFF,0xFF,0xFF,0xFF,0xFF,0xFF,0xFF,0xFF,0xFF,0xFF,
  0xFF,0xFF,0xFF,0xFF,0xFF,0xFF,0xFF,0xFF,0xFF,0xFF,0xFF,0xFF,0xFF,0xFF,0xFF,0xFF,
  0xFF,0xFF,0xFF,0xFF,0xFF,0xFF,0xFF,0xFF,0xFF,0xFF,0xFF,0xFF,0xFF,0xFF,0xFF,0xFF,
  0xFF,0xFF,0xFF,0xFF,0xFF,0xFF,0xFF,0xFF,0xFF,0xFF,0xFF,0xFF,0xFF,0xFF,0xFF,0xFF,
  0xFF,0xFF,0xFF,0xFF,0xFF,0xFF,0xFF,0xFF,0xFF,0xFF,0xFF,0xFF,0xFF,0xFF,0xFF,0xFF,
  0xFF,0xFF,0xFF,0xFF,0xFF,0xFF,0xFF,0xFF,0xFF,0xFF,0xFF,0xFF,0xFF,0xFF,0xFF,0xFF,
  0xFF,0xFF,0xFF,0xFF,0xFF,0xFF,0xFF,0xFF,0xFF,0xFF,0xFF,0xFF,0xFF,0xFF,0xFF,0xFF,
  0xFF,0xFF,0xFF,0xFF,0xFF,0xFF,0xFF,0xFF,0xFF,0xFF,0xFF,0xFF,0xFF,0xFF,0xFF,0xFF,
  0xFF,0xFF,0xFF,0xFF,0xFF,0xFF,0xFF,0xFF,0xFF,0xFF,0xFF,0xFF,0xFF,0xFF,0xFF,0xFF,
  0xFF,0xFF,0xFF,0xFF,0xFF,0xFF,0xFF,0xFF,0xFF,0xFF,0xFF,0xFF,0xFF,0xFF,0xFF,0xFF,
  0xFF,0xFF,0xFF,0xFF,0xFF,0xFF,0xFF,0xFF,0xFF,0xFF,0xFF,0xFF,0xFF,0xFF,0xFF,0xFF,
  0xFF,0xFF,0xFF,0xFF,0xFF,0xFF,0xFF,0xFF,0xFF,0xFF,0xFF,0xFF,0xFF,0xFF,0xFF,0xFF,
  0xFF,0xFF,0xFF,0xFF,0xFF,0xFF,0xFF,0xFF,0xFF,0xFF,0xFF,0xFF,0xFF,0xFF,0xFF,0xFF,
  0xFF,0xFF,0xFF,0xFF,0xFF,0xFF,0xFF,0xFF,0xFF,0xFF,0xFF,0xFF,0xFF,0xFF,0xFF,0xFF,
  0xFF,0xFF,0xFF,0xFF,0xFF,0xFF,0xFF,0xFF,0xFF,0xFF,0xFF,0xFF,0xFF,0xFF,0xFF,0xFF,
  0xFF,0xFF,0xFF,0xFF,0xFF,0xFF,0xFF,0xFF,0xFF,0xFF,0xFF,0xFF,0xFF,0xFF,0xFF,0xFF,
  0xFF,0xFF,0xFF,0xFF,0xFF,0xFF,0xFF,0xFF,0xFF,0xFF,0xFF,0xFF,0xFF,0xFF,0xFF,0xFF,
  0xFF,0xFF,0xFF,0xFF,0xFF,0xFF,0xFF,0xFF,0xFF,0xFF,0xFF,0xFF,0xFF,0xFF,0xFF,0xFF,
  0xFF,0xFF,0xFF,0xFF,0xFF,0xFF,0xFF,0xFF,0xFF,0xFF,0xFF,0xFF,0xFF,0xFF,0xFF,0xFF,
  0xFF,0xFF,0xFF,0xFF,0xFF,0xFF,0xFF,0xFF,0xFF,0xFF,0xFF,0xFF,0xFF,0xFF,0xFF,0xFF,
  0xFF,0xFF,0xFF,0xFF,0xFF,0xFF,0xFF,0xFF,0xFF,0xFF,0xFF,0xFF,0xFF,0xFF,0xFF,0xFF,
  0xFF,0xFF,0xFF,0xFF,0xFF,0xFF,0xFF,0xFF,0xFF,0xFF,0xFF,0xFF,0xFF,0xFF,0xFF,0xFF,
  0xFF,0xFF,0xFF,0xFF,0xFF,0xFF,0xFF,0xFF,0xFF,0xFF,0xFF,0xFF,0xFF,0xFF,0xFF,0xFF,
  0xFF,0xFF,0xFF,0xFF,0xFF,0xFF,0xFF,0xFF,0xFF,0xFF,0xFF,0xFF,0xFF,0xFF,0xFF,0xFF,
  0xFF,0xFF,0xFF,0xFF,0xFF,0xFF,0xFF,0xFF,0xFF,0xFF,0xFF,0xFF,0xFF,0xFF,0xFF,0xFF,
  0xFF,0xFF,0xFF,0xFF,0xFF,0xFF,0xFF,0xFF,0xFF,0xFF,0xFF,0xFF,0xFF,0xFF,0xFF,0xFF,
  0xFF,0xFF,0xFF,0xFF,0xFF,0xFF,0xFF,0xFF,0xFF,0xFF,0xFF,0xFF,0xFF,0xFF,0xFF,0xFF,
  0xFF,0xFF,0xFF,0xFF,0xFF,0xFF,0xFF,0xFF,0xFF,0xFF,0xFF,0xFF,0xFF,0xFF,0xFF,0xFF,
  0xFF,0xFF,0xFF,0xFF,0xFF,0xFF,0xFF,0xFF,0xFF,0xFF,0xFF,0xFF,0xFF,0xFF,0xFF,0xFF,
  0xFF,0xFF,0xFF,0xFF,0xFF,0xFF,0xFF,0xFF,0xFF,0xFF,0xFF,0xFF,0xFF,0xFF,0xFF,0xFF,
  0xFF,0xFF,0xFF,0xFF,0xFF,0xFF,0xFF,0xFF,0xFF,0xFF,0xFF,0xFF,0xFF,0xFF,0xFF,0xFF,
  0xFF,0xFF,0xFF,0xFF,0xFF,0xFF,0xFF,0xFF,0xFF,0xFF,0xFF,0xFF,0xFF,0xFF,0xFF,0xFF,
  0xFF,0xFF,0xFF,0xFF,0xFF,0xFF,0xFF,0xFF,0xFF,0xFF,0xFF,0xFF,0xFF,0xFF,0xFF,0xFF,
  0xFF,0xFF,0xFF,0xFF,0xFF,0xFF,0xFF,0xFF,0xFF,0xFF,0xFF,0xFF,0xFF,0xFF,0xFF,0xFF,
  0xFF,0xFF,0xFF,0xFF,0xFF,0xFF,0xFF,0xFF,0xFF,0xFF,0xFF,0xFF,0xFF,0xFF,0xFF,0xFF,
  0xFF,0xFF,0xFF,0xFF,0xFF,0xFF,0xFF,0xFF,0xFF,0xFF,0xFF,0xFF,0xFF,0xFF,0xFF,0xFF,
  0xFF,0xFF,0xFF,0xFF,0xFF,0xFF,0xFF,0xFF,0xFF,0xFF,0xFF,0xFF,0xFF,0xFF,0xFF,0xFF,
  0xFF,0xFF,0xFF,0xFF,0xFF,0xFF,0xFF,0xFF,0xFF,0xFF,0xFF,0xFF,0xFF,0xFF,0xFF,0xFF,
  0xFF,0xFF,0xFF,0xFF,0xFF,0xFF,0xFF,0xFF,0xFF,0xFF,0xFF,0xFF,0xFF,0xFF,0xFF,0xFF,
  0xFF,0xFF,0xFF,0xFF,0xFF,0xFF,0xFF,0xFF,0xFF,0xFF,0xFF,0xFF,0xFF,0xFF,0xFF,0xFF,
  0xFF,0xFF,0xFF,0xFF,0xFF,0xFF,0xFF,0xFF,0xFF,0xFF,0xFF,0xFF,0xFF,0xFF,0xFF,0xFF,
  0xFF,0xFF,0xFF,0xFF,0xFF,0xFF,0xFF,0xFF,0xFF,0xFF,0xFF,0xFF,0xFF,0xFF,0xFF,0xFF,
  0xFF,0xFF,0xFF,0xFF,0xFF,0xFF,0xFF,0xFF,0xFF,0xFF,0xFF,0xFF,0xFF,0xFF,0xFF,0xFF,
  0xFF,0xFF,0xFF,0xFF,0xFF,0xFF,0xFF,0xFF,0xFF,0xFF,0xFF,0xFF,0xFF,0xFF,0xFF,0xFF,
  0xFF,0xFF,0xFF,0xFF,0xFF,0xFF,0xFF,0xFF,0xFF,0xFF,0xFF,0xFF,0xFF,0xFF,0xFF,0xFF,
  0xFF,0xFF,0xFF,0xFF,0xFF,0xFF,0xFF,0xFF,0xFF,0xFF,0xFF,0xFF,0xFF,0xFF,0xFF,0xFF,
  0xFF,0xFF,0xFF,0xFF,0xFF,0xFF,0xFF,0xFF,0xFF,0xFF,0xFF,0xFF,0xFF,0xFF,0xFF,0xFF,
  0xFF,0xFF,0xFF,0xFF,0xFF,0xFF,0xFF,0xFF,0xFF,0xFF,0xFF,0xFF,0xFF,0xFF,0xFF,0xFF,
  0xFF,0xFF,0xFF,0xFF,0xFF,0xFF,0xFF,0xFF,0xFF,0xFF,0xFF,0xFF,0xFF,0xFF,0xFF,0xFF,
  0xFF,0xFF,0xFF,0xFF,0xFF,0xFF,0xFF,0xFF,0xFF,0xFF,0xFF,0xFF,0xFF,0xFF,0xFF,0xFF,
  0xFF,0xFF,0xFF,0xFF,0xFF,0xFF,0xFF,0xFF,0xFF,0xFF,0xFF,0xFF,0xFF,0xFF,0xFF,0xFF,
  0xFF,0xFF,0xFF,0xFF,0xFF,0xFF,0xFF,0xFF,0xFF,0xFF,0xFF,0xFF,0xFF,0xFF,0xFF,0xFF,
  0xFF,0xFF,0xFF,0xFF,0xFF,0xFF,0xFF,0xFF,0xFF,0xFF,0xFF,0xFF,0xFF,0xFF,0xFF,0xFF,
  0xFF,0xFF,0xFF,0xFF,0xFF,0xFF,0xFF,0xFF,0xFF,0xFF,0xFF,0xFF,0xFF,0xFF,0xFF,0xFF,
  0xFF,0xFF,0xFF,0xFF,0xFF,0xFF,0xFF,0xFF,0xFF,0xFF,0xFF,0xFF,0xFF,0xFF,0xFF,0xFF,
  0xFF,0xFF,0xFF,0xFF,0xFF,0xFF,0xFF,0xFF,0xFF,0xFF,0xFF,0xFF,0xFF,0xFF,0xFF,0xFF,
  0xFF,0xFF,0xFF,0xFF,0xFF,0xFF,0xFF,0xFF,0xFF,0xFF,0xFF,0xFF,0xFF,0xFF,0xFF,0xFF,
  0xFF,0xFF,0xFF,0xFF,0xFF,0xFF,0xFF,0xFF,0xFF,0xFF,0xFF,0xFF,0xFF,0xFF,0xFF,0xFF,
  0xFF,0xFF,0xFF,0xFF,0xFF,0xFF,0xFF,0xFF,0xFF,0xFF,0xFF,0xFF,0xFF,0xFF,0xFF,0xFF,
  0xFF,0xFF,0xFF,0xFF,0xFF,0xFF,0xFF,0xFF,0xFF,0xFF,0xFF,0xFF,0xFF,0xFF,0xFF,0xFF,
  0xFF,0xFF,0xFF,0xFF,0xFF,0xFF,0xFF,0xFF,0xFF,0xFF,0xFF,0xFF,0xFF,0xFF,0xFF,0xFF,
  0xFF,0xFF,0xFF,0xFF,0xFF,0xFF,0xFF,0xFF,0xFF,0xFF,0xFF,0xFF,0xFF,0xFF,0xFF,0xFF,
  0xFF,0xFF,0xFF,0xFF,0xFF,0xFF,0xFF,0xFF,0xFF,0xFF,0xFF,0xFF,0xFF,0xFF,0xFF,0xFF,
  0xFF,0xFF,0xFF,0xFF,0xFF,0xFF,0xFF,0xFF,0xFF,0xFF,0xFF,0xFF,0xFF,0xFF,0xFF,0xFF,
  0xFF,0xFF,0xFF,0xFF,0xFF,0xFF,0xFF,0xFF,0xFF,0xFF,0xFF,0xFF,0xFF,0xFF,0xFF,0xFF,
  0xFF,0xFF,0xFF,0xFF,0xFF,0xFF,0xFF,0xFF,0xFF,0xFF,0xFF,0xFF,0xFF,0xFF,0xFF,0xFF,
  0xFF,0xFF,0xFF,0xFF,0xFF,0xFF,0xFF,0xFF,0xFF,0xFF,0xFF,0xFF,0xFF,0xFF,0xFF,0xFF,
  0xFF,0xFF,0xFF,0xFF,0xFF,0xFF,0xFF,0xFF,0xFF,0xFF,0xFF,0xFF,0xFF,0xFF,0xFF,0xFF,
  0xFF,0xFF,0xFF,0xFF,0xFF,0xFF,0xFF,0xFF,0xFF,0xFF,0xFF,0xFF,0xFF,0xFF,0xFF,0xFF,
  0xFF,0xFF,0xFF,0xFF,0xFF,0xFF,0xFF,0xFF,0xFF,0xFF,0xFF,0xFF,0xFF,0xFF,0xFF,0xFF,
  0xFF,0xFF,0xFF,0xFF,0xFF,0xFF,0xFF,0xFF,0xFF,0xFF,0xFF,0xFF,0xFF,0xFF,0xFF,0xFF,
  0xFF,0xFF,0xFF,0xFF,0xFF,0xFF,0xFF,0xFF,0xFF,0xFF,0xFF,0xFF,0xFF,0xFF,0xFF,0xFF,
  0xFF,0xFF,0xFF,0xFF,0xFF,0xFF,0xFF,0xFF,0xFF,0xFF,0xFF,0xFF,0xFF,0xFF,0xFF,0xFF,
  0xFF,0xFF,0xFF,0xFF,0xFF,0xFF,0xFF,0xFF,0xFF,0xFF,0xFF,0xFF,0xFF,0xFF,0xFF,0xFF,
  0xFF,0xFF,0xFF,0xFF,0xFF,0xFF,0xFF,0xFF,0xFF,0xFF,0xFF,0xFF,0xFF,0xFF,0xFF,0xFF,
  0xFF,0xFF,0xFF,0xFF,0xFF,0xFF,0xFF,0xFF,0xFF,0xFF,0xFF,0xFF,0xFF,0xFF,0xFF,0xFF,
  0xFF,0xFF,0xFF,0xFF,0xFF,0xFF,0xFF,0xFF,0xFF,0xFF,0xFF,0xFF,0xFF,0xFF,0xFF,0xFF,
  0xFF,0xFF,0xFF,0xFF,0xFF,0xFF,0xFF,0xFF,0xFF,0xFF,0xFF,0xFF,0xFF,0xFF,0xFF,0xFF,
  0xFF,0xFF,0xFF,0xFF,0xFF,0xFF,0xFF,0xFF,0xFF,0xFF,0xFF,0xFF,0xFF,0xFF,0xFF,0xFF,
  0xFF,0xFF,0xFF,0xFF,0xFF,0xFF,0xFF,0xFF,0xFF,0xFF,0xFF,0xFF,0xFF,0xFF,0xFF,0xFF,
  0xFF,0xFF,0xFF,0xFF,0xFF,0xFF,0xFF,0xFF,0xFF,0xFF,0xFF,0xFF,0xFF,0xFF,0xFF,0xFF,
  0xFF,0xFF,0xFF,0xFF,0xFF,0xFF,0xFF,0xFF,0xFF,0xFF,0xFF,0xFF,0xFF,0xFF,0xFF,0xFF,
  0xFF,0xFF,0xFF,0xFF,0xFF,0xFF,0xFF,0xFF,0xFF,0xFF,0xFF,0xFF,0xFF,0xFF,0xFF,0xFF,
  0xFF,0xFF,0xFF,0xFF,0xFF,0xFF,0xFF,0xFF,0xFF,0xFF,0xFF,0xFF,0xFF,0xFF,0xFF,0xFF,
  0xFF,0xFF,0xFF,0xFF,0xFF,0xFF,0xFF,0xFF,0xFF,0xFF,0xFF,0xFF,0xFF,0xFF,0xFF,0xFF,
  0xFF,0xFF,0xFF,0xFF,0xFF,0xFF,0xFF,0xFF,0xFF,0xFF,0xFF,0xFF,0xFF,0xFF,0xFF,0xFF,
  0xFF,0xFF,0xFF,0xFF,0xFF,0xFF,0xFF,0xFF,0xFF,0xFF,0xFF,0xFF,0xFF,0xFF,0xFF,0xFF,
  0xFF,0xFF,0xFF,0xFF,0xFF,0xFF,0xFF,0xFF,0xFF,0xFF,0xFF,0xFF,0xFF,0xFF,0xFF,0xFF,
  0xFF,0xFF,0xFF,0xFF,0xFF,0xFF,0xFF,0xFF,0xFF,0xFF,0xFF,0xFF,0xFF,0xFF,0xFF,0xFF,
  0xFF,0xFF,0xFF,0xFF,0xFF,0xFF,0xFF,0xFF,0xFF,0xFF,0xFF,0xFF,0xFF,0xFF,0xFF,0xFF,
  0xFF,0xFF,0xFF,0xFF,0xFF,0xFF,0xFF,0xFF,0xFF,0xFF,0xFF,0xFF,0xFF,0xFF,0xFF,0xFF,
  0xFF,0xFF,0xFF,0xFF,0xFF,0xFF,0xFF,0xFF,0xFF,0xFF,0xFF,0xFF,0xFF,0xFF,0xFF,0xFF,
  0xFF,0xFF,0xFF,0xFF,0xFF,0xFF,0xFF,0xFF,0xFF,0xFF,0xFF,0xFF,0xFF,0xFF,0xFF,0xFF,
  0xFF,0xFF,0xFF,0xFF,0xFF,0xFF,0xFF,0xFF,0xFF,0xFF,0xFF,0xFF,0xFF,0xFF,0xFF,0xFF,
  0xFF,0xFF,0xFF,0xFF,0xFF,0xFF,0xFF,0xFF,0xFF,0xFF,0xFF,0xFF,0xFF,0xFF,0xFF,0xFF,
  0xFF,0xFF,0xFF,0xFF,0xFF,0xFF,0xFF,0xFF,0xFF,0xFF,0xFF,0xFF,0xFF,0xFF,0xFF,0xFF,
  0xFF,0xFF,0xFF,0xFF,0xFF,0xFF,0xFF,0xFF,0xFF,0xFF,0xFF,0xFF,0xFF,0xFF,0xFF,0xFF,
  0xFF,0xFF,0xFF,0xFF,0xFF,0xFF,0xFF,0xFF,0xFF,0xFF,0xFF,0xFF,0xFF,0xFF,0xFF,0xFF,
  0xFF,0xFF,0xFF,0xFF,0xFF,0xFF,0xFF,0xFF,0xFF,0xFF,0xFF,0xFF,0xFF,0xFF,0xFF,0xFF,
  0xFF,0xFF,0xFF,0xFF,0xFF,0xFF,0xFF,0xFF,0xFF,0xFF,0xFF,0xFF,0xFF,0xFF,0xFF,0xFF,
  0xFF,0xFF,0xFF,0xFF,0xFF,0xFF,0xFF,0xFF,0xFF,0xFF,0xFF,0xFF,0xFF,0xFF,0xFF,0xFF,
  0xFF,0xFF,0xFF,0xFF,0xFF,0xFF,0xFF,0xFF,0xFF,0xFF,0xFF,0xFF,0xFF,0xFF,0xFF,0xFF,
  0xFF,0xFF,0xFF,0xFF,0xFF,0xFF,0xFF,0xFF,0xFF,0xFF,0xFF,0xFF,0xFF,0xFF,0xFF,0xFF,
  0xFF,0xFF,0xFF,0xFF,0xFF,0xFF,0xFF,0xFF,0xFF,0xFF,0xFF,0xFF,0xFF,0xFF,0xFF,0xFF,
  0xFF,0xFF,0xFF,0xFF,0xFF,0xFF,0xFF,0xFF,0xFF,0xFF,0xFF,0xFF,0xFF,0xFF,0xFF,0xFF,
  0xFF,0xFF,0xFF,0xFF,0xFF,0xFF,0xFF,0xFF,0xFF,0xFF,0xFF,0xFF,0xFF,0xFF,0xFF,0xFF,
  0xFF,0xFF,0xFF,0xFF,0xFF,0xFF,0xFF,0xFF,0xFF,0xFF,0xFF,0xFF,0xFF,0xFF,0xFF,0xFF,
  0xFF,0xFF,0xFF,0xFF,0xFF,0xFF,0xFF,0xFF,0xFF,0xFF,0xFF,0xFF,0xFF,0xFF,0xFF,0xFF,
  0xFF,0xFF,0xFF,0xFF,0xFF,0xFF,0xFF,0xFF,0xFF,0xFF,0xFF,0xFF,0xFF,0xFF,0xFF,0xFF,
  0xFF,0xFF,0xFF,0xFF,0xFF,0xFF,0xFF,0xFF,0xFF,0xFF,0xFF,0xFF,0xFF,0xFF,0xFF,0xFF,
  0xFF,0xFF,0xFF,0xFF,0xFF,0xFF,0xFF,0xFF,0xFF,0xFF,0xFF,0xFF,0xFF,0xFF,0xFF,0xFF,
  0xFF,0xFF,0xFF,0xFF,0xFF,0xFF,0xFF,0xFF,0xFF,0xFF,0xFF,0xFF,0xFF,0xFF,0xFF,0xFF,
  0xFF,0xFF,0xFF,0xFF,0xFF,0xFF,0xFF,0xFF,0xFF,0xFF,0xFF,0xFF,0xFF,0xFF,0xFF,0xFF,
  0xFF,0xFF,0xFF,0xFF,0xFF,0xFF,0xFF,0xFF,0xFF,0xFF,0xFF,0xFF,0xFF,0xFF,0xFF,0xFF,
  0xFF,0xFF,0xFF,0xFF,0xFF,0xFF,0xFF,0xFF,0xFF,0xFF,0xFF,0xFF,0xFF,0xFF,0xFF,0xFF,
  0xFF,0xFF,0xFF,0xFF,0xFF,0xFF,0xFF,0xFF,0xFF,0xFF,0xFF,0xFF,0xFF,0xFF,0xFF,0xFF,
  0xFF,0xFF,0xFF,0xFF,0xFF,0xFF,0xFF,0xFF,0xFF,0xFF,0xFF,0xFF,0xFF,0xFF,0xFF,0xFF,
  0xFF,0xFF,0xFF,0xFF,0xFF,0xFF,0xFF,0xFF,0xFF,0xFF,0xFF,0xFF,0xFF,0xFF,0xFF,0xFF,
  0xFF,0xFF,0xFF,0xFF,0xFF,0xFF,0xFF,0xFF,0xFF,0xFF,0xFF,0xFF,0xFF,0xFF,0xFF,0xFF,
  0xFF,0xFF,0xFF,0xFF,0xFF,0xFF,0xFF,0xFF,0xFF,0xFF,0xFF,0xFF,0xFF,0xFF,0xFF,0xFF,
  0xFF,0xFF,0xFF,0xFF,0xFF,0xFF,0xFF,0xFF,0xFF,0xFF,0xFF,0xFF,0xFF,0xFF,0xFF,0xFF,
  0xFF,0xFF,0xFF,0xFF,0xFF,0xFF,0xFF,0xFF,0xFF,0xFF,0xFF,0xFF,0xFF,0xFF,0xFF,0xFF,
  0xFF,0xFF,0xFF,0xFF,0xFF,0xFF,0xFF,0xFF,0xFF,0xFF,0xFF,0xFF,0xFF,0xFF,0xFF,0xFF,
  0xFF,0xFF,0xFF,0xFF,0xFF,0xFF,0xFF,0xFF,0xFF,0xFF,0xFF,0xFF,0xFF,0xFF,0xFF,0xFF,
  0xFF,0xFF,0xFF,0xFF,0xFF,0xFF,0xFF,0xFF,0xFF,0xFF,0xFF,0xFF,0xFF,0xFF,0xFF,0xFF,
  0xFF,0xFF,0xFF,0xFF,0xFF,0xFF,0xFF,0xFF,0xFF,0xFF,0xFF,0xFF,0xFF,0xFF,0xFF,0xFF,
  0xFF,0xFF,0xFF,0xFF,0xFF,0xFF,0xFF,0xFF,0xFF,0xFF,0xFF,0xFF,0xFF,0xFF,0xFF,0xFF,
  0xFF,0xFF,0xFF,0xFF,0xFF,0xFF,0xFF,0xFF,0xFF,0xFF,0xFF,0xFF,0xFF,0xFF,0xFF,0xFF,
  0xFF,0xFF,0xFF,0xFF,0xFF,0xFF,0xFF,0xFF,0xFF,0xFF,0xFF,0xFF,0xFF,0xFF,0xFF,0xFF,
  0xFF,0xFF,0xFF,0xFF,0xFF,0xFF,0xFF,0xFF,0xFF,0xFF,0xFF,0xFF,0xFF,0xFF,0xFF,0xFF,
  0xFF,0xFF,0xFF,0xFF,0xFF,0xFF,0xFF,0xFF,0xFF,0xFF,0xFF,0xFF,0xFF,0xFF,0xFF,0xFF,
  0xFF,0xFF,0xFF,0xFF,0xFF,0xFF,0xFF,0xFF,0xFF,0xFF,0xFF,0xFF,0xFF,0xFF,0xFF,0xFF,
  0xFF,0xFF,0xFF,0xFF,0xFF,0xFF,0xFF,0xFF,0xFF,0xFF,0xFF,0xFF,0xFF,0xFF,0xFF,0xFF,
  0xFF,0xFF,0xFF,0xFF,0xFF,0xFF,0xFF,0xFF,0xFF,0xFF,0xFF,0xFF,0xFF,0xFF,0xFF,0xFF,
  0xFF,0xFF,0xFF,0xFF,0xFF,0xFF,0xFF,0xFF,0xFF,0xFF,0xFF,0xFF,0xFF,0xFF,0xFF,0xFF,
  0xFF,0xFF,0xFF,0xFF,0xFF,0xFF,0xFF,0xFF,0xFF,0xFF,0xFF,0xFF,0xFF,0xFF,0xFF,0xFF,
  0xFF,0xFF,0xFF,0xFF,0xFF,0xFF,0xFF,0xFF,0xFF,0xFF,0xFF,0xFF,0xFF,0xFF,0xFF,0xFF,
  0xFF,0xFF,0xFF,0xFF,0xFF,0xFF,0xFF,0xFF,0xFF,0xFF,0xFF,0xFF,0xFF,0xFF,0xFF,0xFF,
  0xFF,0xFF,0xFF,0xFF,0xFF,0xFF,0xFF,0xFF,0xFF,0xFF,0xFF,0xFF,0xFF,0xFF,0xFF,0xFF,
  0xFF,0xFF,0xFF,0xFF,0xFF,0xFF,0xFF,0xFF,0xFF,0xFF,0xFF,0xFF,0xFF,0xFF,0xFF,0xFF,
  0xFF,0xFF,0xFF,0xFF,0xFF,0xFF,0xFF,0xFF,0xFF,0xFF,0xFF,0xFF,0xFF,0xFF,0xFF,0xFF,
  0xFF,0xFF,0xFF,0xFF,0xFF,0xFF,0xFF,0xFF,0xFF,0xFF,0xFF,0xFF,0xFF,0xFF,0xFF,0xFF,
  0xFF,0xFF,0xFF,0xFF,0xFF,0xFF,0xFF,0xFF,0xFF,0xFF,0xFF,0xFF,0xFF,0xFF,0xFF,0xFF,
  0xFF,0xFF,0xFF,0xFF,0xFF,0xFF,0xFF,0xFF,0xFF,0xFF,0xFF,0xFF,0xFF,0xFF,0xFF,0xFF,
  0xFF,0xFF,0xFF,0xFF,0xFF,0xFF,0xFF,0xFF,0xFF,0xFF,0xFF,0xFF,0xFF,0xFF,0xFF,0xFF,
  0xFF,0xFF,0xFF,0xFF,0xFF,0xFF,0xFF,0xFF,0xFF,0xFF,0xFF,0xFF,0xFF,0xFF,0xFF,0xFF,
  0xFF,0xFF,0xFF,0xFF,0xFF,0xFF,0xFF,0xFF,0xFF,0xFF,0xFF,0xFF,0xFF,0xFF,0xFF,0xFF,
  0xFF,0xFF,0xFF,0xFF,0xFF,0xFF,0xFF,0xFF,0xFF,0xFF,0xFF,0xFF,0xFF,0xFF,0xFF,0xFF,
  0xFF,0xFF,0xFF,0xFF,0xFF,0xFF,0xFF,0xFF,0xFF,0xFF,0xFF,0xFF,0xFF,0xFF,0xFF,0xFF,
  0xFF,0xFF,0xFF,0xFF,0xFF,0xFF,0xFF,0xFF,0xFF,0xFF,0xFF,0xFF,0xFF,0xFF,0xFF,0xFF,
  0xFF,0xFF,0xFF,0xFF,0xFF,0xFF,0xFF,0xFF,0xFF,0xFF,0xFF,0xFF,0xFF,0xFF,0xFF,0xFF,
  0xFF,0xFF,0xFF,0xFF,0xFF,0xFF,0xFF,0xFF,0xFF,0xFF,0xFF,0xFF,0xFF,0xFF,0xFF,0xFF,
  0xFF,0xFF,0xFF,0xFF,0xFF,0xFF,0xFF,0xFF,0xFF,0xFF,0xFF,0xFF,0xFF,0xFF,0xFF,0xFF,
  0xFF,0xFF,0xFF,0xFF,0xFF,0xFF,0xFF,0xFF,0xFF,0xFF,0xFF,0xFF,0xFF,0xFF,0xFF,0xFF,
  0xFF,0xFF,0xFF,0xFF,0xFF,0xFF,0xFF,0xFF,0xFF,0xFF,0xFF,0xFF,0xFF,0xFF,0xFF,0xFF,
  0xFF,0xFF,0xFF,0xFF,0xFF,0xFF,0xFF,0xFF,0xFF,0xFF,0xFF,0xFF,0xFF,0xFF,0xFF,0xFF,
  0xFF,0xFF,0xFF,0xFF,0xFF,0xFF,0xFF,0xFF,0xFF,0xFF,0xFF,0xFF,0xFF,0xFF,0xFF,0xFF,
  0xFF,0xFF,0xFF,0xFF,0xFF,0xFF,0xFF,0xFF,0xFF,0xFF,0xFF,0xFF,0xFF,0xFF,0xFF,0xFF,
  0xFF,0xFF,0xFF,0xFF,0xFF,0xFF,0xFF,0xFF,0xFF,0xFF,0xFF,0xFF,0xFF,0xFF,0xFF,0xFF,
  0xFF,0xFF,0xFF,0xFF,0xFF,0xFF,0xFF,0xFF,0xFF,0xFF,0xFF,0xFF,0xFF,0xFF,0xFF,0xFF,
  0xFF,0xFF,0xFF,0xFF,0xFF,0xFF,0xFF,0xFF,0xFF,0xFF,0xFF,0xFF,0xFF,0xFF,0xFF,0xFF,
  0xFF,0xFF,0xFF,0xFF,0xFF,0xFF,0xFF,0xFF,0xFF,0xFF,0xFF,0xFF,0xFF,0xFF,0xFF,0xFF,
  0xFF,0xFF,0xFF,0xFF,0xFF,0xFF,0xFF,0xFF,0xFF,0xFF,0xFF,0xFF,0xFF,0xFF,0xFF,0xFF,
  0xFF,0xFF,0xFF,0xFF,0xFF,0xFF,0xFF,0xFF,0xFF,0xFF,0xFF,0xFF,0xFF,0xFF,0xFF,0xFF,
  0xFF,0xFF,0xFF,0xFF,0xFF,0xFF,0xFF,0xFF,0xFF,0xFF,0xFF,0xFF,0xFF,0xFF,0xFF,0xFF,
  0xFF,0xFF,0xFF,0xFF,0xFF,0xFF,0xFF,0xFF,0xFF,0xFF,0xFF,0xFF,0xFF,0xFF,0xFF,0xFF,
  0xFF,0xFF,0xFF,0xFF,0xFF,0xFF,0xFF,0xFF,0xFF,0xFF,0xFF,0xFF,0xFF,0xFF,0xFF,0xFF,
  0xFF,0xFF,0xFF,0xFF,0xFF,0xFF,0xFF,0xFF,0xFF,0xFF,0xFF,0xFF,0xFF,0xFF,0xFF,0xFF,
  0xFF,0xFF,0xFF,0xFF,0xFF,0xFF,0xFF,0xFF,0xFF,0xFF,0xFF,0xFF,0xFF,0xFF,0xFF,0xFF,
  0xFF,0xFF,0xFF,0xFF,0xFF,0xFF,0xFF,0xFF,0xFF,0xFF,0xFF,0xFF,0xFF,0xFF,0xFF,0xFF,
  0xFF,0xFF,0xFF,0xFF,0xFF,0xFF,0xFF,0xFF,0xFF,0xFF,0xFF,0xFF,0xFF,0xFF,0xFF,0xFF,
  0xFF,0xFF,0xFF,0xFF,0xFF,0xFF,0xFF,0xFF,0xFF,0xFF,0xFF,0xFF,0xFF,0xFF,0xFF,0xFF,
  0xFF,0xFF,0xFF,0xFF,0xFF,0xFF,0xFF,0xFF,0xFF,0xFF,0xFF,0xFF,0xFF,0xFF,0xFF,0xFF,
  0xFF,0xFF,0xFF,0xFF,0xFF,0xFF,0xFF,0xFF,0xFF,0xFF,0xFF,0xFF,0xFF,0xFF,0xFF,0xFF,
  0xFF,0xFF,0xFF,0xFF,0xFF,0xFF,0xFF,0xFF,0xFF,0xFF,0xFF,0xFF,0xFF,0xFF,0xFF,0xFF,
  0xFF,0xFF,0xFF,0xFF,0xFF,0xFF,0xFF,0xFF,0xFF,0xFF,0xFF,0xFF,0xFF,0xFF,0xFF,0xFF,
  0xFF,0xFF,0xFF,0xFF,0xFF,0xFF,0xFF,0xFF,0xFF,0xFF,0xFF,0xFF,0xFF,0xFF,0xFF,0xFF,
  0xFF,0xFF,0xFF,0xFF,0xFF,0xFF,0xFF,0xFF,0xFF,0xFF,0xFF,0xFF,0xFF,0xFF,0xFF,0xFF,
  0xFF,0xFF,0xFF,0xFF,0xFF,0xFF,0xFF,0xFF,0xFF,0xFF,0xFF,0xFF,0xFF,0xFF,0xFF,0xFF,
  0xFF,0xFF,0xFF,0xFF,0xFF,0xFF,0xFF,0xFF,0xFF,0xFF,0xFF,0xFF,0xFF,0xFF,0xFF,0xFF,
  0xFF,0xFF,0xFF,0xFF,0xFF,0xFF,0xFF,0xFF,0xFF,0xFF,0xFF,0xFF,0xFF,0xFF,0xFF,0xFF,
  0xFF,0xFF,0xFF,0xFF,0xFF,0xFF,0xFF,0xFF,0xFF,0xFF,0xFF,0xFF,0xFF,0xFF,0xFF,0xFF,
  0xFF,0xFF,0xFF,0xFF,0xFF,0xFF,0xFF,0xFF,0xFF,0xFF,0xFF,0xFF,0xFF,0xFF,0xFF,0xFF,
  0xFF,0xFF,0xFF,0xFF,0xFF,0xFF,0xFF,0xFF,0xFF,0xFF,0xFF,0xFF,0xFF,0xFF,0xFF,0xFF,
  0xFF,0xFF,0xFF,0xFF,0xFF,0xFF,0xFF,0xFF,0xFF,0xFF,0xFF,0xFF,0xFF,0xFF,0xFF,0xFF,
  0xFF,0xFF,0xFF,0xFF,0xFF,0xFF,0xFF,0xFF,0xFF,0xFF,0xFF,0xFF,0xFF,0xFF,0xFF,0xFF,
  0xFF,0xFF,0xFF,0xFF,0xFF,0xFF,0xFF,0xFF,0xFF,0xFF,0xFF,0xFF,0xFF,0xFF,0xFF,0xFF,
  0xFF,0xFF,0xFF,0xFF,0xFF,0xFF,0xFF,0xFF,0xFF,0xFF,0xFF,0xFF,0xFF,0xFF,0xFF,0xFF,
  0xFF,0xFF,0xFF,0xFF,0xFF,0xFF,0xFF,0xFF,0xFF,0xFF,0xFF,0xFF,0xFF,0xFF,0xFF,0xFF,
  0xFF,0xFF,0xFF,0xFF,0xFF,0xFF,0xFF,0xFF,0xFF,0xFF,0xFF,0xFF,0xFF,0xFF,0xFF,0xFF,
  0xFF,0xFF,0xFF,0xFF,0xFF,0xFF,0xFF,0xFF,0xFF,0xFF,0xFF,0xFF,0xFF,0xFF,0xFF,0xFF,
  0xFF,0xFF,0xFF,0xFF,0xFF,0xFF,0xFF,0xFF,0xFF,0xFF,0xFF,0xFF,0xFF,0xFF,0xFF,0xFF,
  0xFF,0xFF,0xFF,0xFF,0xFF,0xFF,0xFF,0xFF,0xFF,0xFF,0xFF,0xFF,0xFF,0xFF,0xFF,0xFF,
  0xFF,0xFF,0xFF,0xFF,0xFF,0xFF,0xFF,0xFF,0xFF,0xFF,0xFF,0xFF,0xFF,0xFF,0xFF,0xFF,
  0xFF,0xFF,0xFF,0xFF,0xFF,0xFF,0xFF,0xFF,0xFF,0xFF,0xFF,0xFF,0xFF,0xFF,0xFF,0xFF,
  0xFF,0xFF,0xFF,0xFF,0xFF,0xFF,0xFF,0xFF,0xFF,0xFF,0xFF,0xFF,0xFF,0xFF,0xFF,0xFF,
  0xFF,0xFF,0xFF,0xFF,0xFF,0xFF,0xFF,0xFF,0xFF,0xFF,0xFF,0xFF,0xFF,0xFF,0xFF,0xFF,
  0xFF,0xFF,0xFF,0xFF,0xFF,0xFF,0xFF,0xFF,0xFF,0xFF,0xFF,0xFF,0xFF,0xFF,0xFF,0xFF,
  0xFF,0xFF,0xFF,0xFF,0xFF,0xFF,0xFF,0xFF,0xFF,0xFF,0xFF,0xFF,0xFF,0xFF,0xFF,0xFF,
  0xFF,0xFF,0xFF,0xFF,0xFF,0xFF,0xFF,0xFF,0xFF,0xFF,0xFF,0xFF,0xFF,0xFF,0xFF,0xFF,
  0xFF,0xFF,0xFF,0xFF,0xFF,0xFF,0xFF,0xFF,0xFF,0xFF,0xFF,0xFF,0xFF,0xFF,0xFF,0xFF,
  0xFF,0xFF,0xFF,0xFF,0xFF,0xFF,0xFF,0xFF,0xFF,0xFF,0xFF,0xFF,0xFF,0xFF,0xFF,0xFF,
  0xFF,0xFF,0xFF,0xFF,0xFF,0xFF,0xFF,0xFF,0xFF,0xFF,0xFF,0xFF,0xFF,0xFF,0xFF,0xFF,
  0xFF,0xFF,0xFF,0xFF,0xFF,0xFF,0xFF,0xFF,0xFF,0xFF,0xFF,0xFF,0xFF,0xFF,0xFF,0xFF,
};

#endif
